time,device_temperature,climate_temperature,climate_humidity,device_humidity
2023-03-15 15:00:00+08:00,20.24,31.0,0.52,22.07
2023-03-15 16:00:00+08:00,20.25,31.0,0.52,22.12
2023-03-15 17:00:00+08:00,20.25,30.0,0.55,21.74
2023-03-15 18:00:00+08:00,20.25,30.0,0.59,21.75
2023-03-15 19:00:00+08:00,20.17,29.0,0.58,20.99
2023-03-15 20:00:00+08:00,20.12,28.0,0.66,20.39
2023-03-15 21:00:00+08:00,20.2,27.0,0.74,20.39
2023-03-15 22:00:00+08:00,21.79,27.0,0.74,27.76
2023-03-15 23:00:00+08:00,23.18,26.0,0.79,33.83
2023-03-16 00:00:00+08:00,24.04,26.0,0.79,37.81
2023-03-16 01:00:00+08:00,24.64,26.0,0.79,40.59
2023-03-16 02:00:00+08:00,25.05,26.0,0.79,42.49
2023-03-16 03:00:00+08:00,25.35,25.0,0.83,43.51
2023-03-16 04:00:00+08:00,25.6,25.0,0.83,44.66
2023-03-16 05:00:00+08:00,25.79,25.0,0.83,45.54
2023-03-16 06:00:00+08:00,25.94,25.0,0.83,46.24
2023-03-16 07:00:00+08:00,26.12,25.0,0.83,47.07
2023-03-16 08:00:00+08:00,23.77,26.0,0.78,36.56
2023-03-16 09:00:00+08:00,20.95,27.0,0.74,23.87
2023-03-16 10:00:00+08:00,20.51,29.0,0.66,22.58
2023-03-16 11:00:00+08:00,20.47,30.0,0.62,22.77
2023-03-16 12:00:00+08:00,20.18,32.0,0.52,22.18
2023-03-16 13:00:00+08:00,20.08,32.0,0.52,21.71
2023-03-16 14:00:00+08:00,19.88,33.0,0.49,21.17
2023-03-16 15:00:00+08:00,19.98,33.0,0.46,21.62
2023-03-16 16:00:00+08:00,20.07,33.0,0.46,22.04
2023-03-16 17:00:00+08:00,20.14,32.0,0.49,21.98
2023-03-16 18:00:00+08:00,20.18,31.0,0.55,21.8
2023-03-16 19:00:00+08:00,20.11,29.0,0.62,20.72
2023-03-16 20:00:00+08:00,19.97,28.0,0.7,19.7
2023-03-16 21:00:00+08:00,20.06,27.0,0.79,19.76
2023-03-16 22:00:00+08:00,21.7,27.0,0.79,27.36
2023-03-16 23:00:00+08:00,23.11,27.0,0.79,33.89
2023-03-17 00:00:00+08:00,23.98,27.0,0.79,37.92
2023-03-17 01:00:00+08:00,24.59,27.0,0.79,40.75
2023-03-17 02:00:00+08:00,25.0,26.0,0.84,42.27
2023-03-17 03:00:00+08:00,25.32,26.0,0.84,43.76
2023-03-17 04:00:00+08:00,25.58,26.0,0.84,44.96
2023-03-17 05:00:00+08:00,25.79,26.0,0.84,45.93
2023-03-17 06:00:00+08:00,25.94,25.0,0.89,46.25
2023-03-17 07:00:00+08:00,26.15,26.0,0.84,47.6
2023-03-17 08:00:00+08:00,23.81,27.0,0.79,37.13
2023-03-17 09:00:00+08:00,20.76,28.0,0.74,23.37
2023-03-17 10:00:00+08:00,20.05,30.0,0.66,20.84
2023-03-17 11:00:00+08:00,19.9,30.0,0.62,20.13
2023-03-17 12:00:00+08:00,19.78,32.0,0.55,20.33
2023-03-17 13:00:00+08:00,19.86,32.0,0.55,20.7
2023-03-17 14:00:00+08:00,20.06,33.0,0.49,22.0
2023-03-17 15:00:00+08:00,20.06,33.0,0.52,22.01
2023-03-17 16:00:00+08:00,19.95,32.0,0.55,21.12
2023-03-17 17:00:00+08:00,19.96,31.0,0.59,20.79
2023-03-17 18:00:00+08:00,19.83,30.0,0.62,19.81
2023-03-17 19:00:00+08:00,19.77,29.0,0.66,19.15
2023-03-17 20:00:00+08:00,19.68,28.0,0.7,18.36
2023-03-17 21:00:00+08:00,19.79,28.0,0.7,18.87
2023-03-17 22:00:00+08:00,21.49,27.0,0.79,26.38
2023-03-17 23:00:00+08:00,22.91,27.0,0.79,32.96
2023-03-18 00:00:00+08:00,23.81,27.0,0.79,37.13
2023-03-18 01:00:00+08:00,24.43,27.0,0.79,40.01
2023-03-18 02:00:00+08:00,24.86,26.0,0.84,41.62
2023-03-18 03:00:00+08:00,25.18,26.0,0.84,43.11
2023-03-18 04:00:00+08:00,25.43,26.0,0.84,44.27
2023-03-18 05:00:00+08:00,25.62,26.0,0.84,45.15
2023-03-18 06:00:00+08:00,25.81,26.0,0.84,46.03
2023-03-18 07:00:00+08:00,26.13,25.0,0.89,47.13
2023-03-18 08:00:00+08:00,26.55,26.0,0.84,49.45
2023-03-18 09:00:00+08:00,27.05,27.0,0.79,52.14
2023-03-18 10:00:00+08:00,25.69,28.0,0.74,46.22
2023-03-18 11:00:00+08:00,22.14,30.0,0.62,30.51
2023-03-18 12:00:00+08:00,20.15,32.0,0.55,22.05
2023-03-18 13:00:00+08:00,19.79,32.0,0.55,20.38
2023-03-18 14:00:00+08:00,19.78,32.0,0.55,20.33
2023-03-18 15:00:00+08:00,19.83,32.0,0.55,20.56
2023-03-18 16:00:00+08:00,20.05,31.0,0.59,21.21
2023-03-18 17:00:00+08:00,22.22,31.0,0.59,31.26
2023-03-18 18:00:00+08:00,23.93,31.0,0.59,39.18
2023-03-18 19:00:00+08:00,24.85,29.0,0.66,42.69
2023-03-18 20:00:00+08:00,25.28,28.0,0.74,44.32
2023-03-18 21:00:00+08:00,25.61,28.0,0.74,45.85
2023-03-18 22:00:00+08:00,25.85,27.0,0.84,46.6
2023-03-18 23:00:00+08:00,26.04,27.0,0.84,47.48
2023-03-19 00:00:00+08:00,26.18,26.0,0.89,47.75
2023-03-19 01:00:00+08:00,26.31,26.0,0.89,48.35
2023-03-19 02:00:00+08:00,26.4,26.0,0.89,48.77
2023-03-19 03:00:00+08:00,26.5,27.0,0.79,49.6
2023-03-19 04:00:00+08:00,26.58,26.0,0.89,49.61
2023-03-19 05:00:00+08:00,26.66,26.0,0.84,49.96
2023-03-19 06:00:00+08:00,26.76,26.0,0.84,50.43
2023-03-19 07:00:00+08:00,26.9,26.0,0.89,51.09
2023-03-19 08:00:00+08:00,27.11,27.0,0.84,52.43
2023-03-19 09:00:00+08:00,27.46,28.0,0.79,54.43
2023-03-19 10:00:00+08:00,27.71,29.0,0.74,55.96
2023-03-19 11:00:00+08:00,27.98,31.0,0.66,57.97
2023-03-19 12:00:00+08:00,28.23,31.0,0.62,59.11
2023-03-19 13:00:00+08:00,28.4,32.0,0.59,60.28
2023-03-19 14:00:00+08:00,28.54,33.0,0.59,61.31
2023-03-19 15:00:00+08:00,28.6,33.0,0.56,61.59
2023-03-19 16:00:00+08:00,28.55,31.0,0.62,60.6
2023-03-19 17:00:00+08:00,28.53,30.0,0.66,60.13
2023-03-19 18:00:00+08:00,28.54,29.0,0.74,59.81
2023-03-19 19:00:00+08:00,28.44,29.0,0.74,59.34
2023-03-19 20:00:00+08:00,28.25,28.0,0.74,58.08
2023-03-19 21:00:00+08:00,28.12,28.0,0.79,57.49
2023-03-19 22:00:00+08:00,28.05,28.0,0.79,57.16
2023-03-19 23:00:00+08:00,27.96,28.0,0.79,56.75
2023-03-20 00:00:00+08:00,27.94,27.0,0.84,56.28
2023-03-20 01:00:00+08:00,27.93,27.0,0.84,56.23
2023-03-20 02:00:00+08:00,27.86,27.0,0.84,55.91
2023-03-20 03:00:00+08:00,27.85,27.0,0.84,55.86
2023-03-20 04:00:00+08:00,27.85,26.0,0.89,55.49
2023-03-20 05:00:00+08:00,27.85,27.0,0.84,55.86
2023-03-20 06:00:00+08:00,27.85,27.0,0.84,55.86
2023-03-20 07:00:00+08:00,27.96,26.0,0.89,56.0
2023-03-20 08:00:00+08:00,26.06,27.0,0.84,47.57
2023-03-20 09:00:00+08:00,22.68,28.0,0.79,32.28
2023-03-20 10:00:00+08:00,20.67,30.0,0.66,23.71
2023-03-20 11:00:00+08:00,19.83,30.0,0.66,19.82
2023-03-20 12:00:00+08:00,19.78,31.0,0.62,19.96
2023-03-20 13:00:00+08:00,19.8,31.0,0.62,20.06
2023-03-20 14:00:00+08:00,19.79,29.0,0.79,19.28
2023-03-20 15:00:00+08:00,19.87,32.0,0.63,20.77
2023-03-20 16:00:00+08:00,19.95,32.0,0.59,21.13
2023-03-20 17:00:00+08:00,20.01,29.0,0.7,20.28
2023-03-20 18:00:00+08:00,20.0,29.0,0.7,20.23
2023-03-20 19:00:00+08:00,19.97,29.0,0.7,20.09
2023-03-20 20:00:00+08:00,19.95,28.0,0.79,19.63
2023-03-20 21:00:00+08:00,20.12,28.0,0.79,20.42
2023-03-20 22:00:00+08:00,21.83,27.0,0.84,27.97
2023-03-20 23:00:00+08:00,23.33,27.0,0.84,34.92
2023-03-21 00:00:00+08:00,24.24,27.0,0.84,39.14
2023-03-21 01:00:00+08:00,24.88,27.0,0.84,42.1
2023-03-21 02:00:00+08:00,25.31,27.0,0.84,44.09
2023-03-21 03:00:00+08:00,25.64,26.0,0.89,45.25
2023-03-21 04:00:00+08:00,25.93,26.0,0.89,46.59
2023-03-21 05:00:00+08:00,26.14,26.0,0.89,47.57
2023-03-21 06:00:00+08:00,26.32,26.0,0.89,48.4
2023-03-21 07:00:00+08:00,26.56,26.0,0.89,49.51
2023-03-21 08:00:00+08:00,24.4,25.0,0.92,39.13
2023-03-21 09:00:00+08:00,21.05,24.0,0.94,23.22
2023-03-21 10:00:00+08:00,20.19,25.0,0.89,19.61
2023-03-21 11:00:00+08:00,20.07,26.0,0.84,19.43
2023-03-21 12:00:00+08:00,20.04,27.0,0.79,19.67
2023-03-21 13:00:00+08:00,20.09,28.0,0.74,20.27
2023-03-21 14:00:00+08:00,19.7,30.0,0.62,19.21
2023-03-21 15:00:00+08:00,19.65,31.0,0.55,19.34
2023-03-21 16:00:00+08:00,19.37,32.0,0.52,18.42
2023-03-21 17:00:00+08:00,19.35,32.0,0.49,18.32
2023-03-21 18:00:00+08:00,19.51,31.0,0.62,18.71
2023-03-21 19:00:00+08:00,19.53,29.0,0.7,18.05
2023-03-21 20:00:00+08:00,19.5,29.0,0.74,17.92
2023-03-21 21:00:00+08:00,19.7,28.0,0.79,18.48
2023-03-21 22:00:00+08:00,21.63,27.0,0.84,27.04
2023-03-21 23:00:00+08:00,23.0,27.0,0.84,33.39
2023-03-22 00:00:00+08:00,23.81,26.0,0.89,36.77
2023-03-22 01:00:00+08:00,24.37,26.0,0.89,39.37
2023-03-22 02:00:00+08:00,24.77,26.0,0.89,41.22
2023-03-22 03:00:00+08:00,25.11,26.0,0.89,42.79
2023-03-22 04:00:00+08:00,25.36,26.0,0.89,43.95
2023-03-22 05:00:00+08:00,25.58,26.0,0.89,44.97
2023-03-22 06:00:00+08:00,25.75,25.0,0.94,45.39
2023-03-22 07:00:00+08:00,26.06,25.0,0.94,46.82
2023-03-22 08:00:00+08:00,23.6,26.5,0.86,35.98
2023-03-22 09:00:00+08:00,20.2,28.0,0.79,20.79
2023-03-22 10:00:00+08:00,19.5,30.0,0.66,18.29
2023-03-22 11:00:00+08:00,19.61,31.0,0.62,19.17
2023-03-22 12:00:00+08:00,19.69,31.0,0.62,19.55
2023-03-22 13:00:00+08:00,19.61,32.0,0.59,19.55
2023-03-22 14:00:00+08:00,19.64,31.0,0.66,19.32
2023-03-22 15:00:00+08:00,19.82,28.5,0.8,19.23
2023-03-22 16:00:00+08:00,19.81,26.0,0.94,18.25
2023-03-22 17:00:00+08:00,19.87,28.0,0.84,19.28
2023-03-22 18:00:00+08:00,20.13,29.0,0.74,20.84
2023-03-22 19:00:00+08:00,19.87,29.0,0.74,19.64
2023-03-22 20:00:00+08:00,19.63,28.0,0.79,18.15
2023-03-22 21:00:00+08:00,19.73,28.0,0.79,18.61
2023-03-22 22:00:00+08:00,21.69,27.0,0.84,27.32
2023-03-22 23:00:00+08:00,23.03,27.0,0.84,33.53
2023-03-23 00:00:00+08:00,23.79,27.0,0.84,37.05
2023-03-23 01:00:00+08:00,24.32,26.0,0.89,39.13
2023-03-23 02:00:00+08:00,24.72,26.0,0.89,40.99
2023-03-23 03:00:00+08:00,25.03,25.0,0.94,42.05
2023-03-23 04:00:00+08:00,25.29,25.0,0.94,43.25
2023-03-23 05:00:00+08:00,25.5,25.0,0.94,44.23
2023-03-23 06:00:00+08:00,25.66,25.0,0.94,44.97
2023-03-23 07:00:00+08:00,25.87,25.0,0.94,45.94
2023-03-23 08:00:00+08:00,23.24,26.5,0.86,34.32
2023-03-23 09:00:00+08:00,20.0,28.0,0.79,19.87
2023-03-23 10:00:00+08:00,19.55,30.0,0.7,18.53
2023-03-23 11:00:00+08:00,19.69,31.0,0.66,19.56
2023-03-23 12:00:00+08:00,19.61,32.0,0.59,19.55
2023-03-23 13:00:00+08:00,19.61,32.0,0.59,19.55
2023-03-23 14:00:00+08:00,19.64,34.0,0.56,20.46
2023-03-23 15:00:00+08:00,19.74,34.0,0.53,20.91
2023-03-23 16:00:00+08:00,19.66,34.0,0.53,20.54
2023-03-23 17:00:00+08:00,19.75,33.0,0.56,20.58
2023-03-23 18:00:00+08:00,19.98,31.0,0.62,20.89
2023-03-23 19:00:00+08:00,19.98,30.0,0.66,20.51
2023-03-23 20:00:00+08:00,19.98,29.0,0.7,20.14
2023-03-23 21:00:00+08:00,20.16,28.0,0.79,20.61
2023-03-23 22:00:00+08:00,21.73,28.0,0.79,27.88
2023-03-23 23:00:00+08:00,23.13,27.0,0.84,33.99
2023-03-24 00:00:00+08:00,24.05,27.0,0.84,38.26
2023-03-24 01:00:00+08:00,24.67,27.0,0.84,41.13
2023-03-24 02:00:00+08:00,25.1,27.0,0.84,43.12
2023-03-24 03:00:00+08:00,25.43,27.0,0.84,44.65
2023-03-24 04:00:00+08:00,25.66,26.0,0.89,45.34
2023-03-24 05:00:00+08:00,25.86,27.0,0.84,46.64
2023-03-24 06:00:00+08:00,26.05,27.0,0.84,47.52
2023-03-24 07:00:00+08:00,26.26,27.0,0.84,48.5
2023-03-24 08:00:00+08:00,24.03,28.0,0.77,38.53
2023-03-24 09:00:00+08:00,20.9,29.0,0.7,24.4
2023-03-24 10:00:00+08:00,20.04,30.0,0.7,20.8
2023-03-24 11:00:00+08:00,19.82,31.0,0.66,20.16
2023-03-24 12:00:00+08:00,19.83,33.0,0.56,20.95
2023-03-24 13:00:00+08:00,19.86,30.0,0.66,19.96
2023-03-24 14:00:00+08:00,19.95,31.0,0.66,20.76
2023-03-24 15:00:00+08:00,20.04,30.0,0.75,20.81
2023-03-24 16:00:00+08:00,20.46,28.0,0.79,22.0
2023-03-24 17:00:00+08:00,20.57,30.0,0.66,23.25
2023-03-24 18:00:00+08:00,20.27,26.0,0.89,20.37
2023-03-24 19:00:00+08:00,20.08,26.0,0.94,19.5
2023-03-24 20:00:00+08:00,20.04,26.0,0.94,19.32
2023-03-24 21:00:00+08:00,20.16,26.0,0.94,19.87
2023-03-24 22:00:00+08:00,21.7,26.0,0.94,27.01
2023-03-24 23:00:00+08:00,23.09,26.0,0.94,33.45
2023-03-25 00:00:00+08:00,23.98,26.0,0.89,37.56
2023-03-25 01:00:00+08:00,24.58,26.0,0.89,40.34
2023-03-25 02:00:00+08:00,25.04,26.0,0.89,42.47
2023-03-25 03:00:00+08:00,25.37,26.0,0.89,44.0
2023-03-25 04:00:00+08:00,25.64,26.0,0.89,45.25
2023-03-25 05:00:00+08:00,25.86,26.0,0.89,46.27
2023-03-25 06:00:00+08:00,26.05,25.0,0.94,46.78
2023-03-25 07:00:00+08:00,26.31,25.0,0.94,47.98
2023-03-25 08:00:00+08:00,26.58,26.0,0.89,49.61
2023-03-25 09:00:00+08:00,26.92,27.0,0.84,51.55
2023-03-25 10:00:00+08:00,25.74,29.0,0.79,46.85
2023-03-25 11:00:00+08:00,22.43,31.0,0.66,32.25
2023-03-25 12:00:00+08:00,20.26,32.0,0.63,22.57
2023-03-25 13:00:00+08:00,19.85,30.0,0.7,19.92
2023-03-25 14:00:00+08:00,20.05,27.0,0.89,19.74
2023-03-25 15:00:00+08:00,20.15,26.0,0.94,19.83
2023-03-25 16:00:00+08:00,20.33,26.0,0.89,20.65
2023-03-25 17:00:00+08:00,22.09,25.0,0.89,28.42
2023-03-25 18:00:00+08:00,23.52,25.0,0.94,35.05
2023-03-25 19:00:00+08:00,24.44,25.0,0.89,39.3
2023-03-25 20:00:00+08:00,24.95,25.0,0.89,41.67
2023-03-25 21:00:00+08:00,25.32,25.0,0.89,43.38
2023-03-25 22:00:00+08:00,25.62,25.0,0.89,44.77
2023-03-25 23:00:00+08:00,25.84,24.0,0.89,45.41
2023-03-26 00:00:00+08:00,26.02,24.0,0.89,46.24
2023-03-26 01:00:00+08:00,26.19,24.0,0.89,47.03
2023-03-26 02:00:00+08:00,26.31,24.0,0.94,47.6
2023-03-26 03:00:00+08:00,26.41,24.0,0.94,48.06
2023-03-26 04:00:00+08:00,26.51,24.0,0.94,48.52
2023-03-26 05:00:00+08:00,26.59,26.0,0.79,49.63
2023-03-26 06:00:00+08:00,26.68,25.0,0.83,49.67
2023-03-26 07:00:00+08:00,26.77,26.0,0.84,50.47
2023-03-26 08:00:00+08:00,26.91,26.5,0.84,51.32
2023-03-26 09:00:00+08:00,27.11,27.0,0.84,52.43
2023-03-26 10:00:00+08:00,27.42,29.0,0.74,54.62
2023-03-26 11:00:00+08:00,27.7,30.0,0.75,56.3
2023-03-26 12:00:00+08:00,27.96,30.0,0.7,57.5
2023-03-26 13:00:00+08:00,28.16,32.0,0.63,59.18
2023-03-26 14:00:00+08:00,28.34,31.0,0.66,59.63
2023-03-26 15:00:00+08:00,28.53,31.0,0.7,60.52
2023-03-26 16:00:00+08:00,28.58,30.0,0.7,60.37
2023-03-26 17:00:00+08:00,28.43,29.0,0.7,59.29
2023-03-26 18:00:00+08:00,28.28,27.0,0.7,57.82
2023-03-26 19:00:00+08:00,28.16,27.0,0.74,57.28
2023-03-26 20:00:00+08:00,28.0,27.0,0.74,56.53
2023-03-26 21:00:00+08:00,27.86,26.0,0.84,55.52
2023-03-26 22:00:00+08:00,27.8,27.0,0.79,55.62
2023-03-26 23:00:00+08:00,27.75,26.0,0.89,55.03
2023-03-27 00:00:00+08:00,27.75,27.0,0.79,55.39
2023-03-27 01:00:00+08:00,27.74,27.0,0.79,55.34
2023-03-27 02:00:00+08:00,27.74,26.0,0.84,54.97
2023-03-27 03:00:00+08:00,27.73,26.0,0.89,54.93
2023-03-27 04:00:00+08:00,27.69,26.0,0.89,54.75
2023-03-27 05:00:00+08:00,27.67,26.0,0.89,54.66
2023-03-27 06:00:00+08:00,27.73,26.0,0.94,54.95
2023-03-27 07:00:00+08:00,27.78,26.0,0.94,55.18
2023-03-27 08:00:00+08:00,25.63,26.5,0.84,45.38
2023-03-27 09:00:00+08:00,22.11,27.0,0.74,29.24
2023-03-27 10:00:00+08:00,20.56,24.0,0.94,20.95
2023-03-27 11:00:00+08:00,20.57,24.0,0.94,21.0
2023-03-27 12:00:00+08:00,20.58,24.0,0.94,21.05
2023-03-27 13:00:00+08:00,20.61,25.0,0.89,21.56
2023-03-27 14:00:00+08:00,20.56,25.0,0.89,21.33
2023-03-27 15:00:00+08:00,20.64,26.0,0.89,22.08
2023-03-27 16:00:00+08:00,20.64,27.0,0.84,22.46
2023-03-27 17:00:00+08:00,20.6,27.0,0.84,22.27
2023-03-27 18:00:00+08:00,20.56,27.0,0.84,22.09
2023-03-27 19:00:00+08:00,20.52,26.0,0.89,21.53
2023-03-27 20:00:00+08:00,20.46,26.0,0.89,21.25
2023-03-27 21:00:00+08:00,20.57,26.0,0.89,21.76
2023-03-27 22:00:00+08:00,22.06,26.0,0.89,28.66
2023-03-27 23:00:00+08:00,23.47,25.0,0.94,34.82
2023-03-28 00:00:00+08:00,24.36,25.0,0.94,38.95
2023-03-28 01:00:00+08:00,24.97,25.0,0.94,41.77
2023-03-28 02:00:00+08:00,25.42,25.0,0.94,43.86
2023-03-28 03:00:00+08:00,25.74,25.0,0.94,45.34
2023-03-28 04:00:00+08:00,26.0,25.0,0.94,46.54
2023-03-28 05:00:00+08:00,26.2,25.0,0.94,47.47
2023-03-28 06:00:00+08:00,26.34,25.0,0.94,48.12
2023-03-28 07:00:00+08:00,26.53,25.0,0.94,49.0
2023-03-28 08:00:00+08:00,24.02,26.5,0.89,37.94
2023-03-28 09:00:00+08:00,20.9,28.0,0.84,24.05
2023-03-28 10:00:00+08:00,20.4,31.0,0.7,22.85
2023-03-28 11:00:00+08:00,20.38,32.0,0.63,23.13
2023-03-28 12:00:00+08:00,20.41,32.0,0.63,23.27
2023-03-28 13:00:00+08:00,20.33,32.0,0.55,22.88
2023-03-28 14:00:00+08:00,20.61,34.0,0.49,24.93
2023-03-28 15:00:00+08:00,20.96,34.0,0.49,26.56
2023-03-28 16:00:00+08:00,21.14,34.0,0.47,27.38
2023-03-28 17:00:00+08:00,20.97,34.0,0.47,26.6
2023-03-28 18:00:00+08:00,20.7,32.0,0.55,24.59
2023-03-28 19:00:00+08:00,20.58,31.0,0.62,23.67
2023-03-28 20:00:00+08:00,20.53,30.0,0.66,23.06
2023-03-28 21:00:00+08:00,20.61,29.0,0.74,23.07
2023-03-28 22:00:00+08:00,22.29,28.0,0.79,30.48
2023-03-28 23:00:00+08:00,23.64,28.0,0.79,36.73
2023-03-29 00:00:00+08:00,24.5,27.0,0.84,40.34
2023-03-29 01:00:00+08:00,25.13,27.0,0.84,43.26
2023-03-29 02:00:00+08:00,25.56,27.0,0.84,45.25
2023-03-29 03:00:00+08:00,25.91,27.0,0.79,46.86
2023-03-29 04:00:00+08:00,26.17,26.0,0.89,47.71
2023-03-29 05:00:00+08:00,26.34,26.0,0.84,48.48
2023-03-29 06:00:00+08:00,26.49,27.0,0.79,49.55
2023-03-29 07:00:00+08:00,26.73,26.0,0.84,50.29
2023-03-29 08:00:00+08:00,24.34,27.5,0.79,39.78
2023-03-29 09:00:00+08:00,21.24,29.0,0.74,25.98
2023-03-29 10:00:00+08:00,20.61,30.0,0.66,23.43
2023-03-29 11:00:00+08:00,20.71,31.0,0.66,24.28
2023-03-29 12:00:00+08:00,20.47,33.0,0.59,23.92
2023-03-29 13:00:00+08:00,20.15,34.0,0.53,22.81
2023-03-29 14:00:00+08:00,20.17,33.0,0.56,22.53
2023-03-29 15:00:00+08:00,20.35,31.0,0.66,22.61
2023-03-29 16:00:00+08:00,20.56,32.0,0.52,23.94
2023-03-29 17:00:00+08:00,20.53,30.0,0.7,23.07
2023-03-29 18:00:00+08:00,20.55,29.0,0.66,22.77
2023-03-29 19:00:00+08:00,20.5,25.0,0.94,21.06
2023-03-29 20:00:00+08:00,20.38,26.0,0.89,20.88
2023-03-29 21:00:00+08:00,20.51,26.0,0.89,21.48
2023-03-29 22:00:00+08:00,22.15,26.0,0.89,29.08
2023-03-29 23:00:00+08:00,23.42,26.0,0.89,34.96
2023-03-30 00:00:00+08:00,24.26,26.0,0.89,38.86
2023-03-30 01:00:00+08:00,24.84,27.0,0.84,41.92
2023-03-30 02:00:00+08:00,25.28,26.0,0.89,43.58
2023-03-30 03:00:00+08:00,25.62,27.0,0.84,45.53
2023-03-30 04:00:00+08:00,25.89,26.0,0.89,46.41
2023-03-30 05:00:00+08:00,26.12,26.0,0.89,47.47
2023-03-30 06:00:00+08:00,26.28,26.0,0.89,48.22
2023-03-30 07:00:00+08:00,26.51,26.0,0.89,49.28
2023-03-30 08:00:00+08:00,23.94,27.5,0.82,37.94
2023-03-30 09:00:00+08:00,20.86,29.0,0.74,24.22
2023-03-30 10:00:00+08:00,20.58,30.0,0.7,23.3
2023-03-30 11:00:00+08:00,20.71,31.0,0.62,24.27
2023-03-30 12:00:00+08:00,20.72,32.0,0.59,24.7
2023-03-30 13:00:00+08:00,20.72,34.0,0.49,25.44
2023-03-30 14:00:00+08:00,20.71,34.0,0.47,25.39
2023-03-30 15:00:00+08:00,20.47,33.0,0.49,23.9
2023-03-30 16:00:00+08:00,20.33,34.0,0.49,23.64
2023-03-30 17:00:00+08:00,20.46,32.0,0.59,23.49
2023-03-30 18:00:00+08:00,20.49,28.0,0.74,22.12
2023-03-30 19:00:00+08:00,20.34,25.0,0.89,20.31
2023-03-30 20:00:00+08:00,20.25,24.0,0.94,19.52
2023-03-30 21:00:00+08:00,20.34,24.0,0.94,19.93
2023-03-30 22:00:00+08:00,21.89,25.0,0.94,27.5
2023-03-30 23:00:00+08:00,23.25,25.0,0.89,33.79
2023-03-31 00:00:00+08:00,24.13,24.0,0.94,37.49
2023-03-31 01:00:00+08:00,24.73,25.0,0.89,40.65
2023-03-31 02:00:00+08:00,25.15,25.0,0.94,42.61
2023-03-31 03:00:00+08:00,25.5,25.0,0.94,44.23
2023-03-31 04:00:00+08:00,25.75,25.0,0.94,45.39
2023-03-31 05:00:00+08:00,25.97,25.0,0.94,46.41
2023-03-31 06:00:00+08:00,26.16,25.0,0.89,47.27
2023-03-31 07:00:00+08:00,26.37,25.0,0.89,48.25
2023-03-31 08:00:00+08:00,23.85,26.5,0.84,37.14
2023-03-31 09:00:00+08:00,20.91,28.0,0.79,24.08
2023-03-31 10:00:00+08:00,20.56,30.0,0.66,23.2
2023-03-31 11:00:00+08:00,20.44,31.0,0.62,23.02
2023-03-31 12:00:00+08:00,20.32,31.0,0.59,22.46
2023-03-31 13:00:00+08:00,20.16,33.0,0.56,22.48
2023-03-31 14:00:00+08:00,20.19,33.0,0.56,22.62
2023-03-31 15:00:00+08:00,20.08,32.0,0.59,21.73
2023-03-31 16:00:00+08:00,20.17,32.0,0.59,22.15
2023-03-31 17:00:00+08:00,20.26,31.0,0.62,22.19
2023-03-31 18:00:00+08:00,20.25,30.0,0.66,21.76
2023-03-31 19:00:00+08:00,20.18,30.0,0.66,21.44
2023-03-31 20:00:00+08:00,20.16,29.0,0.7,20.97
2023-03-31 21:00:00+08:00,20.27,29.0,0.7,21.48
2023-03-31 22:00:00+08:00,21.82,29.0,0.7,28.66
2023-03-31 23:00:00+08:00,23.24,28.0,0.74,34.87
2023-04-01 00:00:00+08:00,24.11,28.0,0.74,38.9
2023-04-01 01:00:00+08:00,24.71,28.0,0.74,41.68
2023-04-01 02:00:00+08:00,25.13,28.0,0.74,43.62
2023-04-01 03:00:00+08:00,25.48,28.0,0.74,45.24
2023-04-01 04:00:00+08:00,25.75,28.0,0.74,46.5
2023-04-01 05:00:00+08:00,25.97,28.0,0.74,47.51
2023-04-01 06:00:00+08:00,26.16,28.0,0.74,48.39
2023-04-01 07:00:00+08:00,26.45,28.0,0.74,49.74
2023-04-01 08:00:00+08:00,26.74,28.0,0.74,51.08
2023-04-01 09:00:00+08:00,27.01,28.0,0.74,52.33
2023-04-01 10:00:00+08:00,25.54,28.0,0.74,45.52
2023-04-01 11:00:00+08:00,21.79,28.0,0.74,28.15
2023-04-01 12:00:00+08:00,20.43,28.0,0.74,21.85
2023-04-01 13:00:00+08:00,20.29,28.0,0.74,21.2
2023-04-01 14:00:00+08:00,20.31,28.0,0.74,21.29
2023-04-01 15:00:00+08:00,20.28,28.0,0.74,21.15
2023-04-01 16:00:00+08:00,20.49,28.0,0.75,22.13
2023-04-01 17:00:00+08:00,22.25,28.0,0.75,30.28
2023-04-01 18:00:00+08:00,23.71,28.0,0.75,37.05
2023-04-01 19:00:00+08:00,24.6,28.0,0.75,41.17
2023-04-01 20:00:00+08:00,25.11,28.0,0.75,43.53
2023-04-01 21:00:00+08:00,25.48,28.0,0.75,45.25
2023-04-01 22:00:00+08:00,25.78,28.0,0.75,46.64
2023-04-01 23:00:00+08:00,26.01,28.0,0.75,47.7
2023-04-02 00:00:00+08:00,26.2,28.0,0.75,48.58
2023-04-02 01:00:00+08:00,26.33,28.0,0.75,49.18
2023-04-02 02:00:00+08:00,26.46,28.0,0.75,49.79
2023-04-02 03:00:00+08:00,26.55,28.0,0.75,50.2
2023-04-02 04:00:00+08:00,26.65,28.0,0.75,50.67
2023-04-02 05:00:00+08:00,26.75,28.0,0.75,51.13
2023-04-02 06:00:00+08:00,26.83,28.0,0.75,51.5
2023-04-02 07:00:00+08:00,26.98,28.0,0.75,52.2
2023-04-02 08:00:00+08:00,27.16,28.0,0.75,53.03
2023-04-02 09:00:00+08:00,27.39,28.0,0.75,54.1
2023-04-02 10:00:00+08:00,27.64,28.0,0.75,55.25
2023-04-02 11:00:00+08:00,27.9,28.0,0.75,56.46
2023-04-02 12:00:00+08:00,28.15,28.0,0.75,57.62
2023-04-02 13:00:00+08:00,28.35,28.0,0.75,58.54
2023-04-02 14:00:00+08:00,28.55,28.0,0.75,59.47
2023-04-02 15:00:00+08:00,28.78,28.0,0.75,60.54
2023-04-02 16:00:00+08:00,28.85,28.0,0.75,60.86
2023-04-02 17:00:00+08:00,28.85,28.0,0.75,60.86
2023-04-02 18:00:00+08:00,28.73,28.0,0.75,60.3
2023-04-02 19:00:00+08:00,28.62,28.0,0.75,59.8
2023-04-02 20:00:00+08:00,28.44,28.0,0.75,58.96
2023-04-02 21:00:00+08:00,28.28,28.0,0.75,58.22
2023-04-02 22:00:00+08:00,28.17,28.0,0.75,57.71
2023-04-02 23:00:00+08:00,28.09,28.0,0.75,57.34
2023-04-03 00:00:00+08:00,28.05,28.0,0.75,57.15
2023-04-03 01:00:00+08:00,28.04,28.0,0.75,57.11
2023-04-03 02:00:00+08:00,28.04,28.0,0.76,57.11
2023-04-03 03:00:00+08:00,28.02,28.0,0.76,57.02
2023-04-03 04:00:00+08:00,27.95,28.0,0.76,56.69
2023-04-03 05:00:00+08:00,27.95,28.0,0.76,56.69
2023-04-03 06:00:00+08:00,27.95,28.0,0.76,56.69
2023-04-03 07:00:00+08:00,28.01,28.0,0.76,56.97
2023-04-03 08:00:00+08:00,25.81,28.0,0.76,46.78
2023-04-03 09:00:00+08:00,22.19,28.0,0.76,30.01
2023-04-03 10:00:00+08:00,20.82,28.0,0.76,23.66
2023-04-03 11:00:00+08:00,20.7,28.0,0.76,23.1
2023-04-03 12:00:00+08:00,20.66,28.0,0.76,22.92
2023-04-03 13:00:00+08:00,20.13,28.0,0.76,20.46
2023-04-03 14:00:00+08:00,20.17,28.0,0.76,20.65
2023-04-03 15:00:00+08:00,20.19,28.0,0.76,20.74
2023-04-03 16:00:00+08:00,20.29,28.0,0.76,21.2
2023-04-03 17:00:00+08:00,20.31,28.0,0.76,21.29
2023-04-03 18:00:00+08:00,20.31,28.0,0.76,21.29
2023-04-03 19:00:00+08:00,20.26,28.0,0.76,21.06
2023-04-03 20:00:00+08:00,20.3,28.0,0.76,21.25
2023-04-03 21:00:00+08:00,20.52,28.0,0.76,22.27
2023-04-03 22:00:00+08:00,22.29,28.0,0.76,30.47
2023-04-03 23:00:00+08:00,23.6,28.0,0.76,36.54
2023-04-04 00:00:00+08:00,24.4,28.0,0.76,40.24
2023-04-04 01:00:00+08:00,24.95,28.0,0.76,42.79
2023-04-04 02:00:00+08:00,25.35,28.0,0.76,44.65
2023-04-04 03:00:00+08:00,25.66,28.0,0.76,46.08
2023-04-04 04:00:00+08:00,25.94,28.0,0.76,47.38
2023-04-04 05:00:00+08:00,26.11,28.0,0.76,48.17
2023-04-04 06:00:00+08:00,26.25,28.0,0.76,48.82
2023-04-04 07:00:00+08:00,26.53,28.0,0.76,50.11
2023-04-04 08:00:00+08:00,23.75,28.0,0.76,37.23
2023-04-04 09:00:00+08:00,20.5,28.0,0.76,22.18
2023-04-04 10:00:00+08:00,20.22,28.0,0.76,20.88
2023-04-04 11:00:00+08:00,20.3,28.0,0.76,21.25
2023-04-04 12:00:00+08:00,20.36,28.0,0.77,21.53
2023-04-04 13:00:00+08:00,20.41,28.0,0.77,21.76
2023-04-04 14:00:00+08:00,20.46,28.0,0.77,21.99
2023-04-04 15:00:00+08:00,20.5,28.0,0.77,22.18
2023-04-04 16:00:00+08:00,20.51,28.0,0.77,22.22
2023-04-04 17:00:00+08:00,20.57,28.0,0.77,22.5
2023-04-04 18:00:00+08:00,20.71,28.0,0.77,23.15
2023-04-04 19:00:00+08:00,20.64,28.0,0.77,22.83
2023-04-04 20:00:00+08:00,20.54,28.0,0.77,22.36
2023-04-04 21:00:00+08:00,20.59,28.0,0.77,22.59
2023-04-04 22:00:00+08:00,22.24,28.0,0.77,30.24
2023-04-04 23:00:00+08:00,23.66,28.0,0.77,36.82
2023-04-05 00:00:00+08:00,24.51,28.0,0.77,40.76
2023-04-05 01:00:00+08:00,25.11,28.0,0.77,43.54
2023-04-05 02:00:00+08:00,25.54,28.0,0.77,45.53
2023-04-05 03:00:00+08:00,25.9,28.0,0.77,47.2
2023-04-05 04:00:00+08:00,26.19,28.0,0.77,48.54
2023-04-05 05:00:00+08:00,26.4,28.0,0.77,49.51
2023-04-05 06:00:00+08:00,26.53,28.0,0.77,50.12
2023-04-05 07:00:00+08:00,26.79,28.0,0.77,51.32
2023-04-05 08:00:00+08:00,24.34,28.0,0.77,39.97
2023-04-05 09:00:00+08:00,21.04,28.0,0.77,24.68
2023-04-05 10:00:00+08:00,20.43,28.0,0.77,21.85
2023-04-05 11:00:00+08:00,20.45,28.0,0.77,21.95
2023-04-05 12:00:00+08:00,20.57,28.0,0.77,22.5
2023-04-05 13:00:00+08:00,20.62,28.0,0.77,22.73
2023-04-05 14:00:00+08:00,20.67,28.0,0.77,22.97
2023-04-05 15:00:00+08:00,20.66,28.0,0.77,22.92
2023-04-05 16:00:00+08:00,20.7,28.0,0.77,23.1
2023-04-05 17:00:00+08:00,20.77,28.0,0.77,23.43
2023-04-05 18:00:00+08:00,20.73,28.0,0.77,23.24
2023-04-05 19:00:00+08:00,20.67,28.0,0.77,22.97
2023-04-05 20:00:00+08:00,20.65,28.0,0.77,22.87
2023-04-05 21:00:00+08:00,20.68,28.0,0.78,23.01
2023-04-05 22:00:00+08:00,22.03,28.0,0.78,29.27
2023-04-05 23:00:00+08:00,23.41,28.0,0.78,35.66
2023-04-06 00:00:00+08:00,24.26,28.0,0.78,39.6
2023-04-06 01:00:00+08:00,24.82,28.0,0.78,42.2
2023-04-06 02:00:00+08:00,25.25,28.0,0.78,44.19
2023-04-06 03:00:00+08:00,25.55,28.0,0.78,45.58
2023-04-06 04:00:00+08:00,25.82,28.0,0.78,46.83
2023-04-06 05:00:00+08:00,26.02,28.0,0.78,47.76
2023-04-06 06:00:00+08:00,26.19,28.0,0.78,48.54
2023-04-06 07:00:00+08:00,26.39,28.0,0.78,49.47
2023-04-06 08:00:00+08:00,23.77,28.0,0.78,37.33
2023-04-06 09:00:00+08:00,20.86,28.0,0.78,23.85
2023-04-06 10:00:00+08:00,20.62,28.0,0.78,22.74
2023-04-06 11:00:00+08:00,20.69,28.0,0.78,23.06
2023-04-06 12:00:00+08:00,20.7,28.0,0.78,23.11
2023-04-06 13:00:00+08:00,20.73,28.0,0.78,23.25
2023-04-06 14:00:00+08:00,20.75,28.0,0.78,23.34
2023-04-06 15:00:00+08:00,20.75,28.0,0.78,23.34
2023-04-06 16:00:00+08:00,20.83,28.0,0.78,23.71
2023-04-06 17:00:00+08:00,20.81,28.0,0.78,23.62
2023-04-06 18:00:00+08:00,20.82,28.0,0.78,23.66
2023-04-06 19:00:00+08:00,20.7,28.0,0.78,23.11
2023-04-06 20:00:00+08:00,20.64,28.0,0.78,22.83
2023-04-06 21:00:00+08:00,20.73,28.0,0.78,23.25
2023-04-06 22:00:00+08:00,22.13,28.0,0.78,29.73
2023-04-06 23:00:00+08:00,23.5,28.0,0.78,36.08
2023-04-07 00:00:00+08:00,24.32,28.0,0.78,39.88
2023-04-07 01:00:00+08:00,24.87,28.0,0.78,42.43
2023-04-07 02:00:00+08:00,25.28,28.0,0.78,44.33
2023-04-07 03:00:00+08:00,25.61,28.0,0.78,45.86
2023-04-07 04:00:00+08:00,25.79,28.0,0.78,46.69
2023-04-07 05:00:00+08:00,25.76,28.0,0.78,46.55
2023-04-07 06:00:00+08:00,25.73,28.0,0.78,46.41
2023-04-07 07:00:00+08:00,25.7,28.0,0.79,46.28
2023-04-07 08:00:00+08:00,25.67,28.0,0.79,46.14
2023-04-07 09:00:00+08:00,25.64,28.0,0.79,46.0
2023-04-07 10:00:00+08:00,25.61,28.0,0.79,45.86
2023-04-07 11:00:00+08:00,25.58,28.0,0.79,45.72
2023-04-07 12:00:00+08:00,25.55,28.0,0.79,45.58
2023-04-07 13:00:00+08:00,25.52,28.0,0.79,45.44
2023-04-07 14:00:00+08:00,25.49,28.0,0.79,45.3
2023-04-07 15:00:00+08:00,25.46,28.0,0.79,45.16
2023-04-07 16:00:00+08:00,25.43,28.0,0.79,45.02
2023-04-07 17:00:00+08:00,25.4,28.0,0.79,44.89
2023-04-07 18:00:00+08:00,25.37,28.0,0.79,44.75
2023-04-07 19:00:00+08:00,25.34,28.0,0.79,44.61
2023-04-07 20:00:00+08:00,25.31,28.0,0.79,44.47
2023-04-07 21:00:00+08:00,25.28,28.0,0.79,44.33
2023-04-07 22:00:00+08:00,25.25,28.0,0.79,44.19
2023-04-07 23:00:00+08:00,25.22,28.0,0.79,44.05
2023-04-08 00:00:00+08:00,25.19,28.0,0.79,43.91
2023-04-08 01:00:00+08:00,25.16,28.0,0.79,43.77
2023-04-08 02:00:00+08:00,25.13,28.0,0.79,43.63
2023-04-08 03:00:00+08:00,25.1,28.0,0.79,43.5
2023-04-08 04:00:00+08:00,25.07,28.0,0.79,43.36
2023-04-08 05:00:00+08:00,25.04,28.0,0.79,43.22
2023-04-08 06:00:00+08:00,25.02,28.0,0.79,43.12
2023-04-08 07:00:00+08:00,24.99,28.0,0.79,42.99
2023-04-08 08:00:00+08:00,24.96,28.0,0.79,42.85
2023-04-08 09:00:00+08:00,24.93,28.0,0.79,42.71
2023-04-08 10:00:00+08:00,24.9,28.0,0.79,42.57
2023-04-08 11:00:00+08:00,24.87,28.0,0.79,42.43
2023-04-08 12:00:00+08:00,24.84,28.0,0.79,42.29
2023-04-08 13:00:00+08:00,24.81,28.0,0.79,42.15
2023-04-08 14:00:00+08:00,24.78,28.0,0.79,42.01
2023-04-08 15:00:00+08:00,24.75,28.0,0.79,41.87
2023-04-08 16:00:00+08:00,24.72,28.0,0.79,41.73
2023-04-08 17:00:00+08:00,24.69,28.0,0.8,41.6
2023-04-08 18:00:00+08:00,24.66,28.0,0.8,41.46
2023-04-08 19:00:00+08:00,24.63,28.0,0.8,41.32
2023-04-08 20:00:00+08:00,24.6,28.0,0.8,41.18
2023-04-08 21:00:00+08:00,24.57,28.0,0.8,41.04
2023-04-08 22:00:00+08:00,24.54,28.0,0.8,40.9
2023-04-08 23:00:00+08:00,24.51,28.0,0.8,40.76
2023-04-09 00:00:00+08:00,24.48,28.0,0.8,40.63
2023-04-09 01:00:00+08:00,24.45,28.0,0.8,40.49
2023-04-09 02:00:00+08:00,24.42,28.0,0.8,40.35
2023-04-09 03:00:00+08:00,24.39,28.0,0.8,40.21
2023-04-09 04:00:00+08:00,24.36,28.0,0.8,40.07
2023-04-09 05:00:00+08:00,24.33,28.0,0.8,39.93
2023-04-09 06:00:00+08:00,24.3,28.0,0.8,39.79
2023-04-09 07:00:00+08:00,24.27,28.0,0.8,39.65
2023-04-09 08:00:00+08:00,24.24,28.0,0.8,39.51
2023-04-09 09:00:00+08:00,24.21,28.0,0.8,39.37
2023-04-09 10:00:00+08:00,24.18,28.0,0.8,39.24
2023-04-09 11:00:00+08:00,24.15,28.0,0.8,39.1
2023-04-09 12:00:00+08:00,24.13,28.0,0.8,39.0
2023-04-09 13:00:00+08:00,24.1,28.0,0.8,38.86
2023-04-09 14:00:00+08:00,24.07,28.0,0.8,38.73
2023-04-09 15:00:00+08:00,24.04,28.0,0.8,38.59
2023-04-09 16:00:00+08:00,24.01,28.0,0.8,38.45
2023-04-09 17:00:00+08:00,23.98,28.0,0.8,38.31
2023-04-09 18:00:00+08:00,23.95,28.0,0.8,38.17
2023-04-09 19:00:00+08:00,23.92,28.0,0.8,38.03
2023-04-09 20:00:00+08:00,23.89,28.0,0.8,37.89
2023-04-09 21:00:00+08:00,23.86,28.0,0.8,37.75
2023-04-09 22:00:00+08:00,23.83,28.0,0.8,37.61
2023-04-09 23:00:00+08:00,23.8,28.0,0.8,37.47
2023-04-10 00:00:00+08:00,23.77,28.0,0.8,37.34
2023-04-10 01:00:00+08:00,23.74,28.0,0.8,37.2
2023-04-10 02:00:00+08:00,23.71,28.0,0.8,37.06
2023-04-10 03:00:00+08:00,23.68,28.0,0.81,36.92
2023-04-10 04:00:00+08:00,23.65,28.0,0.81,36.78
2023-04-10 05:00:00+08:00,23.62,28.0,0.81,36.64
2023-04-10 06:00:00+08:00,23.59,28.0,0.81,36.5
2023-04-10 07:00:00+08:00,23.56,28.0,0.81,36.37
2023-04-10 08:00:00+08:00,23.53,28.0,0.81,36.23
2023-04-10 09:00:00+08:00,23.5,28.0,0.81,36.09
2023-04-10 10:00:00+08:00,23.47,28.0,0.81,35.95
2023-04-10 11:00:00+08:00,23.44,28.0,0.81,35.81
2023-04-10 12:00:00+08:00,23.41,28.0,0.81,35.67
2023-04-10 13:00:00+08:00,23.38,28.0,0.81,35.53
2023-04-10 14:00:00+08:00,23.35,28.0,0.81,35.39
2023-04-10 15:00:00+08:00,23.32,28.0,0.81,35.25
2023-04-10 16:00:00+08:00,23.29,28.0,0.81,35.11
2023-04-10 17:00:00+08:00,23.27,28.0,0.81,35.02
2023-04-10 18:00:00+08:00,23.24,28.0,0.81,34.88
2023-04-10 19:00:00+08:00,23.21,28.0,0.81,34.74
2023-04-10 20:00:00+08:00,23.18,28.0,0.81,34.6
2023-04-10 21:00:00+08:00,23.15,28.0,0.81,34.47
2023-04-10 22:00:00+08:00,23.12,28.0,0.81,34.33
2023-04-10 23:00:00+08:00,23.09,28.0,0.81,34.19
2023-04-11 00:00:00+08:00,23.06,28.0,0.81,34.05
2023-04-11 01:00:00+08:00,23.03,28.0,0.81,33.91
2023-04-11 02:00:00+08:00,23.0,28.0,0.81,33.77
2023-04-11 03:00:00+08:00,22.97,28.0,0.81,33.63
2023-04-11 04:00:00+08:00,22.94,28.0,0.81,33.49
2023-04-11 05:00:00+08:00,22.91,28.0,0.81,33.35
2023-04-11 06:00:00+08:00,22.88,28.0,0.81,33.21
2023-04-11 07:00:00+08:00,22.85,28.0,0.81,33.08
2023-04-11 08:00:00+08:00,22.82,28.0,0.81,32.94
2023-04-11 09:00:00+08:00,22.79,28.0,0.81,32.8
2023-04-11 10:00:00+08:00,22.76,28.0,0.81,32.66
2023-04-11 11:00:00+08:00,22.73,28.0,0.81,32.52
2023-04-11 12:00:00+08:00,22.7,28.0,0.82,32.38
2023-04-11 13:00:00+08:00,22.67,28.0,0.82,32.24
2023-04-11 14:00:00+08:00,22.64,28.0,0.82,32.11
2023-04-11 15:00:00+08:00,22.61,28.0,0.82,31.97
2023-04-11 16:00:00+08:00,22.58,28.0,0.82,31.83
2023-04-11 17:00:00+08:00,22.55,28.0,0.82,31.69
2023-04-11 18:00:00+08:00,22.52,28.0,0.82,31.55
2023-04-11 19:00:00+08:00,22.49,28.0,0.82,31.41
2023-04-11 20:00:00+08:00,22.46,28.0,0.82,31.27
2023-04-11 21:00:00+08:00,22.43,28.0,0.82,31.13
2023-04-11 22:00:00+08:00,22.4,28.0,0.82,30.99
2023-04-11 23:00:00+08:00,22.38,28.0,0.82,30.9
2023-04-12 00:00:00+08:00,22.35,28.0,0.82,30.76
2023-04-12 01:00:00+08:00,22.32,28.0,0.82,30.62
2023-04-12 02:00:00+08:00,22.29,28.0,0.82,30.48
2023-04-12 03:00:00+08:00,22.26,28.0,0.82,30.34
2023-04-12 04:00:00+08:00,22.23,28.0,0.82,30.21
2023-04-12 05:00:00+08:00,22.2,28.0,0.82,30.07
2023-04-12 06:00:00+08:00,22.17,28.0,0.82,29.93
2023-04-12 07:00:00+08:00,22.14,28.0,0.82,29.79
2023-04-12 08:00:00+08:00,22.11,28.0,0.82,29.65
2023-04-12 09:00:00+08:00,22.08,28.0,0.82,29.51
2023-04-12 10:00:00+08:00,22.05,28.0,0.82,29.37
2023-04-12 11:00:00+08:00,22.02,28.0,0.82,29.23
2023-04-12 12:00:00+08:00,21.99,28.0,0.82,29.09
2023-04-12 13:00:00+08:00,21.96,28.0,0.82,28.95
2023-04-12 14:00:00+08:00,21.93,28.0,0.82,28.82
2023-04-12 15:00:00+08:00,21.9,28.0,0.82,28.68
2023-04-12 16:00:00+08:00,21.87,28.0,0.82,28.54
2023-04-12 17:00:00+08:00,21.84,28.0,0.82,28.4
2023-04-12 18:00:00+08:00,21.81,28.0,0.82,28.26
2023-04-12 19:00:00+08:00,21.78,28.0,0.82,28.12
2023-04-12 20:00:00+08:00,21.75,28.0,0.82,27.98
2023-04-12 21:00:00+08:00,21.72,28.0,0.82,27.84
2023-04-12 22:00:00+08:00,21.69,28.0,0.83,27.71
2023-04-12 23:00:00+08:00,21.66,28.0,0.83,27.57
2023-04-13 00:00:00+08:00,21.63,28.0,0.83,27.43
2023-04-13 01:00:00+08:00,21.6,28.0,0.83,27.29
2023-04-13 02:00:00+08:00,21.57,28.0,0.83,27.15
2023-04-13 03:00:00+08:00,21.54,28.0,0.83,27.01
2023-04-13 04:00:00+08:00,21.52,28.0,0.83,26.92
2023-04-13 05:00:00+08:00,21.49,28.0,0.83,26.78
2023-04-13 06:00:00+08:00,21.46,28.0,0.83,26.64
2023-04-13 07:00:00+08:00,21.43,28.0,0.83,26.5
2023-04-13 08:00:00+08:00,21.4,28.0,0.83,26.36
2023-04-13 09:00:00+08:00,21.37,28.0,0.83,26.22
2023-04-13 10:00:00+08:00,21.34,28.0,0.83,26.08
2023-04-13 11:00:00+08:00,21.31,28.0,0.83,25.95
2023-04-13 12:00:00+08:00,21.28,28.0,0.83,25.81
2023-04-13 13:00:00+08:00,21.25,28.0,0.83,25.67
2023-04-13 14:00:00+08:00,21.22,28.0,0.83,25.53
2023-04-13 15:00:00+08:00,21.19,28.0,0.83,25.39
2023-04-13 16:00:00+08:00,21.16,28.0,0.83,25.25
2023-04-13 17:00:00+08:00,21.13,28.0,0.83,25.11
2023-04-13 18:00:00+08:00,21.1,28.0,0.83,24.97
2023-04-13 19:00:00+08:00,21.07,28.0,0.83,24.83
2023-04-13 20:00:00+08:00,21.04,28.0,0.83,24.69
2023-04-13 21:00:00+08:00,21.01,28.0,0.83,24.56
2023-04-13 22:00:00+08:00,20.98,28.0,0.83,24.42
2023-04-13 23:00:00+08:00,20.95,28.0,0.83,24.28
2023-04-14 00:00:00+08:00,20.92,28.0,0.83,24.14
2023-04-14 01:00:00+08:00,20.89,28.0,0.83,24.0
2023-04-14 02:00:00+08:00,20.86,28.0,0.83,23.86
2023-04-14 03:00:00+08:00,20.83,28.0,0.83,23.72
2023-04-14 04:00:00+08:00,20.8,28.0,0.83,23.58
2023-04-14 05:00:00+08:00,20.77,28.0,0.83,23.44
2023-04-14 06:00:00+08:00,20.74,28.0,0.83,23.3
2023-04-14 07:00:00+08:00,20.71,28.0,0.83,23.17
2023-04-14 08:00:00+08:00,20.68,28.0,0.84,23.03
2023-04-14 09:00:00+08:00,20.65,28.0,0.84,22.89
2023-04-14 10:00:00+08:00,20.63,28.0,0.84,22.8
2023-04-14 11:00:00+08:00,20.6,28.0,0.84,22.66
2023-04-14 12:00:00+08:00,20.57,28.0,0.84,22.52
2023-04-14 13:00:00+08:00,20.54,28.0,0.84,22.38
2023-04-14 14:00:00+08:00,20.51,28.0,0.84,22.24
2023-04-14 15:00:00+08:00,20.62,28.0,0.84,22.75
2023-04-14 16:00:00+08:00,20.72,28.0,0.84,23.21
2023-04-14 17:00:00+08:00,20.83,28.0,0.84,23.72
2023-04-14 18:00:00+08:00,20.62,28.0,0.84,22.75
2023-04-14 19:00:00+08:00,20.56,28.0,0.84,22.47
2023-04-14 20:00:00+08:00,20.52,28.0,0.84,22.29
2023-04-14 21:00:00+08:00,20.57,28.0,0.84,22.52
2023-04-14 22:00:00+08:00,22.05,28.0,0.84,29.38
2023-04-14 23:00:00+08:00,23.44,28.0,0.84,35.82
2023-04-15 00:00:00+08:00,24.37,28.0,0.84,40.13
2023-04-15 01:00:00+08:00,24.97,28.0,0.84,42.91
2023-04-15 02:00:00+08:00,25.38,28.0,0.84,44.81
2023-04-15 03:00:00+08:00,25.67,28.0,0.84,46.15
2023-04-15 04:00:00+08:00,25.91,27.0,0.89,46.89
2023-04-15 05:00:00+08:00,26.14,27.0,0.89,47.95
2023-04-15 06:00:00+08:00,26.33,27.0,0.89,48.83
2023-04-15 07:00:00+08:00,26.68,26.0,0.94,50.08
2023-04-15 08:00:00+08:00,27.06,28.0,0.84,52.59
2023-04-15 09:00:00+08:00,27.49,30.0,0.75,55.33
2023-04-15 10:00:00+08:00,26.28,32.0,0.67,50.48
2023-04-15 11:00:00+08:00,23.32,33.0,0.63,37.14
2023-04-15 12:00:00+08:00,20.9,32.0,0.67,25.55
2023-04-15 13:00:00+08:00,20.29,33.0,0.59,23.09
2023-04-15 14:00:00+08:00,20.34,31.0,0.7,22.58
2023-04-15 15:00:00+08:00,20.46,33.0,0.59,23.88
2023-04-15 16:00:00+08:00,20.64,31.0,0.7,23.97
2023-04-15 17:00:00+08:00,22.76,30.5,0.66,33.59
2023-04-15 18:00:00+08:00,24.6,30.0,0.62,41.91
2023-04-15 19:00:00+08:00,25.43,30.0,0.66,45.76
2023-04-15 20:00:00+08:00,25.84,30.0,0.7,47.67
2023-04-15 21:00:00+08:00,26.1,27.0,0.79,47.74
2023-04-15 22:00:00+08:00,26.3,26.0,0.84,48.3
2023-04-15 23:00:00+08:00,26.47,26.0,0.89,49.1
2023-04-16 00:00:00+08:00,26.61,27.0,0.84,50.12
2023-04-16 01:00:00+08:00,26.74,26.0,0.89,50.35
2023-04-16 02:00:00+08:00,26.84,26.0,0.94,50.82
2023-04-16 03:00:00+08:00,26.94,26.0,0.89,51.27
2023-04-16 04:00:00+08:00,27.0,26.0,0.94,51.56
2023-04-16 05:00:00+08:00,27.05,26.0,0.94,51.8
2023-04-16 06:00:00+08:00,27.16,26.0,0.94,52.31
2023-04-16 07:00:00+08:00,27.35,26.0,0.94,53.19
2023-04-16 08:00:00+08:00,27.56,25.5,0.92,53.96
2023-04-16 09:00:00+08:00,27.77,25.0,0.89,54.73
2023-04-16 10:00:00+08:00,28.07,28.0,0.79,57.26
2023-04-16 11:00:00+08:00,28.4,30.0,0.66,59.53
2023-04-16 12:00:00+08:00,28.71,32.0,0.63,61.73
2023-04-16 13:00:00+08:00,28.9,31.0,0.66,62.23
2023-04-16 14:00:00+08:00,29.05,30.0,0.79,62.57
2023-04-16 15:00:00+08:00,29.17,32.0,0.63,63.86
2023-04-16 16:00:00+08:00,29.25,28.0,0.66,62.69
2023-04-16 17:00:00+08:00,29.26,27.0,0.7,62.36
2023-04-16 18:00:00+08:00,29.26,29.0,0.7,63.13
2023-04-16 19:00:00+08:00,29.14,28.0,0.79,62.21
2023-04-16 20:00:00+08:00,28.93,27.0,0.79,60.86
2023-04-16 21:00:00+08:00,28.75,28.0,0.7,60.39
2023-04-16 22:00:00+08:00,28.62,27.0,0.79,59.42
2023-04-16 23:00:00+08:00,28.56,29.0,0.79,59.91
2023-04-17 00:00:00+08:00,28.54,29.0,0.79,59.82
2023-04-17 01:00:00+08:00,28.48,27.0,0.84,58.78
2023-04-17 02:00:00+08:00,28.35,27.0,0.84,58.18
2023-04-17 03:00:00+08:00,28.34,27.0,0.79,58.12
2023-04-17 04:00:00+08:00,28.29,26.0,0.89,57.53
2023-04-17 05:00:00+08:00,28.32,26.0,0.89,57.67
2023-04-17 06:00:00+08:00,28.28,26.0,0.89,57.48
2023-04-17 07:00:00+08:00,28.42,26.0,0.89,58.13
2023-04-17 08:00:00+08:00,26.34,27.5,0.8,49.05
2023-04-17 09:00:00+08:00,22.88,29.0,0.7,33.57
2023-04-17 10:00:00+08:00,21.02,30.0,0.75,25.35
2023-04-17 11:00:00+08:00,20.11,31.0,0.7,21.51
2023-04-17 12:00:00+08:00,20.08,33.0,0.59,22.12
2023-04-17 13:00:00+08:00,20.19,34.0,0.53,23.0
2023-04-17 14:00:00+08:00,20.31,31.0,0.7,22.44
2023-04-17 15:00:00+08:00,20.46,32.0,0.63,23.5
2023-04-17 16:00:00+08:00,20.47,32.0,0.63,23.55
2023-04-17 17:00:00+08:00,20.57,31.0,0.66,23.63
2023-04-17 18:00:00+08:00,20.56,28.0,0.79,22.46
2023-04-17 19:00:00+08:00,20.57,28.0,0.79,22.51
2023-04-17 20:00:00+08:00,20.55,28.0,0.79,22.41
2023-04-17 21:00:00+08:00,20.68,28.0,0.84,23.03
2023-04-17 22:00:00+08:00,22.31,27.0,0.89,30.21
2023-04-17 23:00:00+08:00,23.8,27.0,0.89,37.11
2023-04-18 00:00:00+08:00,24.74,27.0,0.89,41.47
2023-04-18 01:00:00+08:00,25.36,27.0,0.89,44.34
2023-04-18 02:00:00+08:00,25.82,27.0,0.89,46.47
2023-04-18 03:00:00+08:00,26.17,27.0,0.89,48.09
2023-04-18 04:00:00+08:00,26.44,27.0,0.89,49.34
2023-04-18 05:00:00+08:00,26.68,26.0,0.94,50.08
2023-04-18 06:00:00+08:00,26.86,26.0,0.94,50.92
2023-04-18 07:00:00+08:00,27.17,27.0,0.89,52.73
2023-04-18 08:00:00+08:00,25.07,29.0,0.8,43.74
2023-04-18 09:00:00+08:00,21.76,31.0,0.7,29.16
2023-04-18 10:00:00+08:00,20.28,32.0,0.63,22.67
2023-04-18 11:00:00+08:00,20.29,33.0,0.63,23.1
2023-04-18 12:00:00+08:00,20.34,32.0,0.59,22.94
2023-04-18 13:00:00+08:00,20.44,33.0,0.56,23.78
2023-04-18 14:00:00+08:00,20.54,34.0,0.47,24.6
2023-04-18 15:00:00+08:00,20.56,34.0,0.49,24.7
2023-04-18 16:00:00+08:00,20.59,32.5,0.57,24.28
2023-04-18 17:00:00+08:00,20.57,31.0,0.66,23.63
2023-04-18 18:00:00+08:00,20.59,30.0,0.75,23.36
2023-04-18 19:00:00+08:00,20.66,30.0,0.7,23.67
2023-04-18 20:00:00+08:00,20.66,30.0,0.7,23.67
2023-04-18 21:00:00+08:00,20.73,30.0,0.75,24.01
2023-04-18 22:00:00+08:00,22.26,29.0,0.79,30.72
2023-04-18 23:00:00+08:00,23.69,29.0,0.79,37.35
2023-04-19 00:00:00+08:00,24.6,26.0,0.89,40.43
2023-04-19 01:00:00+08:00,25.25,26.0,0.89,43.44
2023-04-19 02:00:00+08:00,25.67,27.0,0.94,45.79
2023-04-19 03:00:00+08:00,26.01,27.0,0.94,47.36
2023-04-19 04:00:00+08:00,26.27,27.0,0.94,48.57
2023-04-19 05:00:00+08:00,26.51,27.0,0.89,49.67
2023-04-19 06:00:00+08:00,26.69,26.0,0.94,50.13
2023-04-19 07:00:00+08:00,27.03,27.0,0.89,52.08
2023-04-19 08:00:00+08:00,24.87,28.5,0.84,42.64
2023-04-19 09:00:00+08:00,21.51,30.0,0.79,27.63
2023-04-19 10:00:00+08:00,20.24,31.0,0.7,22.11
2023-04-19 11:00:00+08:00,20.4,31.0,0.66,22.84
2023-04-19 12:00:00+08:00,20.5,31.0,0.7,23.32
2023-04-19 13:00:00+08:00,20.38,29.0,0.79,22.01
2023-04-19 14:00:00+08:00,20.56,31.0,0.7,23.6
2023-04-19 15:00:00+08:00,20.74,31.0,0.62,24.41
2023-04-19 16:00:00+08:00,20.51,31.0,0.62,23.34
2023-04-19 17:00:00+08:00,20.79,31.0,0.62,24.64
2023-04-19 18:00:00+08:00,20.63,30.0,0.66,23.52
2023-04-19 19:00:00+08:00,20.55,29.0,0.79,22.8
2023-04-19 20:00:00+08:00,20.56,29.0,0.79,22.85
2023-04-19 21:00:00+08:00,20.64,29.0,0.79,23.22
2023-04-19 22:00:00+08:00,22.28,29.0,0.79,30.82
2023-04-19 23:00:00+08:00,23.78,29.0,0.79,37.77
2023-04-20 00:00:00+08:00,24.72,29.0,0.79,42.12
2023-04-20 01:00:00+08:00,25.35,28.0,0.84,44.67
2023-04-20 02:00:00+08:00,25.78,28.0,0.84,46.66
2023-04-20 03:00:00+08:00,26.07,28.0,0.84,48.0
2023-04-20 04:00:00+08:00,26.33,28.0,0.84,49.21
2023-04-20 05:00:00+08:00,26.51,28.0,0.84,50.04
2023-04-20 06:00:00+08:00,26.65,28.0,0.82,50.68
2023-04-20 07:00:00+08:00,26.83,28.0,0.79,51.51
2023-04-20 08:00:00+08:00,24.42,27.0,0.79,39.96
2023-04-20 09:00:00+08:00,21.04,26.0,0.79,23.91
2023-04-20 10:00:00+08:00,20.06,26.0,0.79,19.37
2023-04-20 11:00:00+08:00,20.12,26.0,0.84,19.66
2023-04-20 12:00:00+08:00,20.19,27.0,0.84,20.37
2023-04-20 13:00:00+08:00,20.18,28.0,0.79,20.7
2023-04-20 14:00:00+08:00,20.17,29.0,0.7,21.02
2023-04-20 15:00:00+08:00,20.24,30.0,0.75,21.74
2023-04-20 16:00:00+08:00,20.23,29.0,0.74,21.31
2023-04-20 17:00:00+08:00,20.21,32.0,0.63,22.34
2023-04-20 18:00:00+08:00,20.25,30.0,0.66,21.76
2023-04-20 19:00:00+08:00,20.17,30.0,0.7,21.4
2023-04-20 20:00:00+08:00,20.06,29.0,0.7,20.51
2023-04-20 21:00:00+08:00,20.16,29.0,0.66,20.96
2023-04-20 22:00:00+08:00,21.45,27.0,0.79,26.2
2023-04-20 23:00:00+08:00,22.72,27.0,0.79,32.08
2023-04-21 00:00:00+08:00,23.61,27.0,0.79,36.21
2023-04-21 01:00:00+08:00,24.21,26.0,0.84,38.61
2023-04-21 02:00:00+08:00,24.66,26.0,0.84,40.7
2023-04-21 03:00:00+08:00,24.98,26.0,0.84,42.18
2023-04-21 04:00:00+08:00,25.25,26.0,0.84,43.43
2023-04-21 05:00:00+08:00,25.44,26.0,0.89,44.32
2023-04-21 06:00:00+08:00,25.65,26.0,0.89,45.3
2023-04-21 07:00:00+08:00,25.92,26.0,0.84,46.54
2023-04-21 08:00:00+08:00,23.56,26.0,0.86,35.61
2023-04-21 09:00:00+08:00,20.75,26.0,0.89,22.59
2023-04-21 10:00:00+08:00,20.27,27.0,0.84,20.74
2023-04-21 11:00:00+08:00,20.31,28.0,0.79,21.3
2023-04-21 12:00:00+08:00,20.35,30.0,0.7,22.24
2023-04-21 13:00:00+08:00,20.41,31.0,0.7,22.9
2023-04-21 14:00:00+08:00,20.45,32.0,0.63,23.46
2023-04-21 15:00:00+08:00,20.5,32.0,0.59,23.68
2023-04-21 16:00:00+08:00,20.51,31.0,0.66,23.35
2023-04-21 17:00:00+08:00,20.48,32.0,0.55,23.57
2023-04-21 18:00:00+08:00,20.52,31.0,0.59,23.38
2023-04-21 19:00:00+08:00,20.42,30.0,0.66,22.55
2023-04-21 20:00:00+08:00,20.29,29.0,0.79,21.6
2023-04-21 21:00:00+08:00,20.34,29.0,0.79,21.83
2023-04-21 22:00:00+08:00,21.63,28.0,0.84,27.43
2023-04-21 23:00:00+08:00,22.93,28.0,0.84,33.45
2023-04-22 00:00:00+08:00,23.83,28.0,0.84,37.62
2023-04-22 01:00:00+08:00,24.41,27.0,0.89,39.94
2023-04-22 02:00:00+08:00,24.81,27.0,0.89,41.79
2023-04-22 03:00:00+08:00,25.13,27.0,0.89,43.27
2023-04-22 04:00:00+08:00,25.37,27.0,0.89,44.39
2023-04-22 05:00:00+08:00,25.57,27.0,0.89,45.31
2023-04-22 06:00:00+08:00,25.85,27.0,0.89,46.61
2023-04-22 07:00:00+08:00,26.14,27.0,0.89,47.95
2023-04-22 08:00:00+08:00,26.54,28.5,0.84,50.37
2023-04-22 09:00:00+08:00,26.91,30.0,0.79,52.65
2023-04-22 10:00:00+08:00,27.26,31.0,0.75,54.65
2023-04-22 11:00:00+08:00,27.55,31.0,0.7,55.98
2023-04-22 12:00:00+08:00,27.84,32.0,0.63,57.7
2023-04-22 13:00:00+08:00,28.08,34.0,0.56,59.56
2023-04-22 14:00:00+08:00,28.25,33.0,0.56,59.96
2023-04-22 15:00:00+08:00,28.27,30.0,0.7,58.93
2023-04-22 16:00:00+08:00,28.32,30.0,0.66,59.15
2023-04-22 17:00:00+08:00,28.35,30.0,0.75,59.32
2023-04-22 18:00:00+08:00,28.34,30.0,0.7,59.26
2023-04-22 19:00:00+08:00,28.23,29.0,0.7,58.36
2023-04-22 20:00:00+08:00,28.05,29.0,0.74,57.54
2023-04-22 21:00:00+08:00,27.91,29.0,0.74,56.89
2023-04-22 22:00:00+08:00,27.79,29.0,0.79,56.35
2023-04-22 23:00:00+08:00,27.74,29.0,0.79,56.11
2023-04-23 00:00:00+08:00,27.67,28.0,0.84,55.42
2023-04-23 01:00:00+08:00,27.65,28.0,0.84,55.32
2023-04-23 02:00:00+08:00,27.65,28.0,0.84,55.32
2023-04-23 03:00:00+08:00,27.63,28.0,0.84,55.23
2023-04-23 04:00:00+08:00,27.58,28.0,0.84,55.0
2023-04-23 05:00:00+08:00,27.55,28.0,0.84,54.86
2023-04-23 06:00:00+08:00,27.55,28.0,0.84,54.86
2023-04-23 07:00:00+08:00,27.67,27.0,0.89,55.04
2023-04-23 08:00:00+08:00,27.94,28.5,0.82,56.85
2023-04-23 09:00:00+08:00,28.26,30.0,0.75,58.9
2023-04-23 10:00:00+08:00,28.57,31.0,0.7,60.71
2023-04-23 11:00:00+08:00,28.82,31.0,0.66,61.86
2023-04-23 12:00:00+08:00,29.06,33.0,0.59,63.72
2023-04-23 13:00:00+08:00,29.25,32.0,0.59,64.22
2023-04-23 14:00:00+08:00,29.44,32.0,0.63,65.11
2023-04-23 15:00:00+08:00,29.55,30.0,0.66,64.85
2023-04-23 16:00:00+08:00,29.48,31.0,0.66,64.92
2023-04-23 17:00:00+08:00,29.44,31.0,0.62,64.72
2023-04-23 18:00:00+08:00,29.33,31.0,0.62,64.21
2023-04-23 19:00:00+08:00,29.16,30.0,0.62,63.04
2023-04-23 20:00:00+08:00,28.95,30.0,0.7,62.08
2023-04-23 21:00:00+08:00,28.76,29.0,0.79,60.84
2023-04-23 22:00:00+08:00,28.63,29.0,0.79,60.24
2023-04-23 23:00:00+08:00,28.55,29.0,0.79,59.87
2023-04-24 00:00:00+08:00,28.46,28.0,0.79,59.06
2023-04-24 01:00:00+08:00,28.38,28.0,0.84,58.71
2023-04-24 02:00:00+08:00,28.35,28.0,0.84,58.57
2023-04-24 03:00:00+08:00,28.31,28.0,0.84,58.38
2023-04-24 04:00:00+08:00,28.25,27.0,0.89,57.73
2023-04-24 05:00:00+08:00,28.25,27.0,0.89,57.73
2023-04-24 06:00:00+08:00,28.25,27.0,0.89,57.73
2023-04-24 07:00:00+08:00,28.39,27.0,0.89,58.38
2023-04-24 08:00:00+08:00,26.59,29.0,0.8,50.79
2023-04-24 09:00:00+08:00,23.83,31.0,0.7,38.75
2023-04-24 10:00:00+08:00,21.83,32.0,0.63,29.85
2023-04-24 11:00:00+08:00,20.51,32.0,0.63,23.73
2023-04-24 12:00:00+08:00,19.79,34.0,0.47,21.13
2023-04-24 13:00:00+08:00,19.56,31.0,0.66,18.95
2023-04-24 14:00:00+08:00,19.67,34.0,0.56,20.6
2023-04-24 15:00:00+08:00,19.95,33.0,0.63,21.52
2023-04-24 16:00:00+08:00,20.13,34.0,0.53,22.72
2023-04-24 17:00:00+08:00,20.48,33.0,0.56,23.96
2023-04-24 18:00:00+08:00,20.51,32.0,0.59,23.72
2023-04-24 19:00:00+08:00,20.52,31.0,0.62,23.39
2023-04-24 20:00:00+08:00,20.54,30.0,0.66,23.11
2023-04-24 21:00:00+08:00,20.62,30.0,0.7,23.49
2023-04-24 22:00:00+08:00,21.87,29.0,0.74,28.9
2023-04-24 23:00:00+08:00,23.17,29.0,0.79,34.94
2023-04-25 00:00:00+08:00,24.13,29.0,0.79,39.39
2023-04-25 01:00:00+08:00,24.84,28.0,0.84,42.3
2023-04-25 02:00:00+08:00,25.33,28.0,0.84,44.57
2023-04-25 03:00:00+08:00,25.71,27.0,0.89,45.96
2023-04-25 04:00:00+08:00,26.0,27.0,0.89,47.3
2023-04-25 05:00:00+08:00,26.24,27.0,0.89,48.42
2023-04-25 06:00:00+08:00,26.42,27.0,0.89,49.25
2023-04-25 07:00:00+08:00,26.72,27.0,0.89,50.64
2023-04-25 08:00:00+08:00,25.14,27.5,0.86,43.51
2023-04-25 09:00:00+08:00,22.4,28.0,0.84,31.0
2023-04-25 10:00:00+08:00,20.81,30.0,0.66,24.36
2023-04-25 11:00:00+08:00,20.35,32.0,0.63,22.99
2023-04-25 12:00:00+08:00,20.54,33.0,0.56,24.24
2023-04-25 13:00:00+08:00,20.62,33.0,0.56,24.61
2023-04-25 14:00:00+08:00,20.84,31.0,0.62,24.87
2023-04-25 15:00:00+08:00,20.87,29.0,0.74,24.27
2023-04-25 16:00:00+08:00,20.88,30.0,0.62,24.67
2023-04-25 17:00:00+08:00,20.72,31.0,0.66,24.33
2023-04-25 18:00:00+08:00,20.67,30.0,0.7,23.72
2023-04-25 19:00:00+08:00,20.65,30.0,0.7,23.63
2023-04-25 20:00:00+08:00,20.59,29.0,0.74,22.97
2023-04-25 21:00:00+08:00,20.76,29.0,0.74,23.76
2023-04-25 22:00:00+08:00,21.91,28.0,0.79,28.72
2023-04-25 23:00:00+08:00,23.09,28.0,0.79,34.18
2023-04-26 00:00:00+08:00,23.97,27.0,0.89,37.9
2023-04-26 01:00:00+08:00,24.63,28.0,0.84,41.33
2023-04-26 02:00:00+08:00,25.1,27.0,0.89,43.13
2023-04-26 03:00:00+08:00,25.47,27.0,0.89,44.85
2023-04-26 04:00:00+08:00,25.77,27.0,0.89,46.24
2023-04-26 05:00:00+08:00,26.01,27.0,0.84,47.34
2023-04-26 06:00:00+08:00,26.22,26.0,0.89,47.94
2023-04-26 07:00:00+08:00,26.51,26.0,0.89,49.28
2023-04-26 08:00:00+08:00,24.87,28.0,0.8,42.43
2023-04-26 09:00:00+08:00,22.23,30.0,0.7,30.95
2023-04-26 10:00:00+08:00,21.03,31.0,0.59,25.75
2023-04-26 11:00:00+08:00,20.69,33.0,0.56,24.94
2023-04-26 12:00:00+08:00,20.71,33.0,0.49,25.01
2023-04-26 13:00:00+08:00,20.64,35.0,0.44,25.45
2023-04-26 14:00:00+08:00,20.71,32.0,0.63,24.66
2023-04-26 15:00:00+08:00,20.63,32.0,0.67,24.3
2023-04-26 16:00:00+08:00,20.63,31.0,0.62,23.9
2023-04-26 17:00:00+08:00,20.67,31.0,0.62,24.09
2023-04-26 18:00:00+08:00,20.66,32.0,0.55,24.41
2023-04-26 19:00:00+08:00,20.58,30.0,0.7,23.3
2023-04-26 20:00:00+08:00,20.59,30.0,0.7,23.35
2023-04-26 21:00:00+08:00,20.77,29.0,0.79,23.82
2023-04-26 22:00:00+08:00,21.89,29.0,0.79,29.01
2023-04-26 23:00:00+08:00,23.09,29.0,0.79,34.57
2023-04-27 00:00:00+08:00,24.0,28.0,0.84,38.41
2023-04-27 01:00:00+08:00,24.64,28.0,0.84,41.38
2023-04-27 02:00:00+08:00,25.13,28.0,0.84,43.65
2023-04-27 03:00:00+08:00,25.5,28.0,0.84,45.36
2023-04-27 04:00:00+08:00,25.78,27.0,0.89,46.28
2023-04-27 05:00:00+08:00,26.02,27.0,0.89,47.4
2023-04-27 06:00:00+08:00,26.22,27.0,0.89,48.32
2023-04-27 07:00:00+08:00,26.52,27.0,0.89,49.71
2023-04-27 08:00:00+08:00,24.94,28.5,0.82,42.95
2023-04-27 09:00:00+08:00,22.29,30.0,0.75,31.24
2023-04-27 10:00:00+08:00,20.89,32.0,0.67,25.5
2023-04-27 11:00:00+08:00,20.63,31.0,0.66,23.91
2023-04-27 12:00:00+08:00,20.64,32.0,0.63,24.34
2023-04-27 13:00:00+08:00,20.6,33.0,0.56,24.52
2023-04-27 14:00:00+08:00,20.67,34.0,0.53,25.22
2023-04-27 15:00:00+08:00,20.7,31.0,0.62,24.23
2023-04-27 16:00:00+08:00,20.76,31.0,0.7,24.52
2023-04-27 17:00:00+08:00,20.74,29.0,0.74,23.67
2023-04-27 18:00:00+08:00,20.72,29.0,0.74,23.58
2023-04-27 19:00:00+08:00,20.59,29.0,0.74,22.97
2023-04-27 20:00:00+08:00,20.57,29.0,0.74,22.88
2023-04-27 21:00:00+08:00,20.75,28.0,0.84,23.35
2023-04-27 22:00:00+08:00,21.85,28.0,0.84,28.45
2023-04-27 23:00:00+08:00,23.04,28.0,0.84,33.96
2023-04-28 00:00:00+08:00,23.9,28.0,0.84,37.95
2023-04-28 01:00:00+08:00,24.5,28.0,0.84,40.73
2023-04-28 02:00:00+08:00,24.95,28.0,0.84,42.81
2023-04-28 03:00:00+08:00,25.32,27.0,0.89,44.15
2023-04-28 04:00:00+08:00,25.61,27.0,0.89,45.5
2023-04-28 05:00:00+08:00,25.85,27.0,0.89,46.61
2023-04-28 06:00:00+08:00,26.05,27.0,0.89,47.54
2023-04-28 07:00:00+08:00,26.32,27.0,0.89,48.79
2023-04-28 08:00:00+08:00,24.7,29.0,0.8,42.03
2023-04-28 09:00:00+08:00,22.13,31.0,0.7,30.87
2023-04-28 10:00:00+08:00,20.99,32.0,0.63,25.96
2023-04-28 11:00:00+08:00,20.72,32.0,0.63,24.71
2023-04-28 12:00:00+08:00,20.56,31.0,0.7,23.6
2023-04-28 13:00:00+08:00,20.59,30.0,0.7,23.35
2023-04-28 14:00:00+08:00,20.63,30.0,0.66,23.52
2023-04-28 15:00:00+08:00,20.68,28.0,0.74,23.0
2023-04-28 16:00:00+08:00,20.71,28.0,0.79,23.16
2023-04-28 17:00:00+08:00,20.68,28.0,0.79,23.02
2023-04-28 18:00:00+08:00,20.62,29.0,0.7,23.1
2023-04-28 19:00:00+08:00,20.55,28.0,0.74,22.4
2023-04-28 20:00:00+08:00,20.46,28.0,0.79,22.0
2023-04-28 21:00:00+08:00,20.63,28.0,0.79,22.78
2023-04-28 22:00:00+08:00,21.72,27.0,0.84,27.46
2023-04-28 23:00:00+08:00,22.78,27.0,0.89,32.38
2023-04-29 00:00:00+08:00,23.59,27.0,0.89,36.14
2023-04-29 01:00:00+08:00,24.2,27.0,0.84,38.95
2023-04-29 02:00:00+08:00,24.65,27.0,0.84,41.04
2023-04-29 03:00:00+08:00,24.95,26.0,0.89,42.05
2023-04-29 04:00:00+08:00,25.18,26.0,0.89,43.12
2023-04-29 05:00:00+08:00,25.38,26.0,0.89,44.05
2023-04-29 06:00:00+08:00,25.58,26.0,0.89,44.97
2023-04-29 07:00:00+08:00,25.92,26.0,0.89,46.55
2023-04-29 08:00:00+08:00,26.31,28.0,0.8,49.1
2023-04-29 09:00:00+08:00,26.76,30.0,0.7,51.94
2023-04-29 10:00:00+08:00,25.75,31.0,0.66,47.63
2023-04-29 11:00:00+08:00,22.71,33.0,0.59,34.3
2023-04-29 12:00:00+08:00,21.11,32.0,0.59,26.5
2023-04-29 13:00:00+08:00,20.56,33.0,0.59,24.34
2023-04-29 14:00:00+08:00,20.45,32.5,0.61,23.64
2023-04-29 15:00:00+08:00,20.47,32.0,0.63,23.55
2023-04-29 16:00:00+08:00,20.66,31.0,0.66,24.05
2023-04-29 17:00:00+08:00,22.16,28.0,0.74,29.86
2023-04-29 18:00:00+08:00,23.51,26.0,0.89,35.38
2023-04-29 19:00:00+08:00,24.42,26.0,0.89,39.6
2023-04-29 20:00:00+08:00,24.9,26.0,0.94,41.83
2023-04-29 21:00:00+08:00,25.22,27.0,0.89,43.69
2023-04-29 22:00:00+08:00,25.46,27.0,0.89,44.8
2023-04-29 23:00:00+08:00,25.65,27.0,0.94,45.69
2023-04-30 00:00:00+08:00,25.8,27.0,0.94,46.39
2023-04-30 01:00:00+08:00,25.92,27.0,0.94,46.95
2023-04-30 02:00:00+08:00,26.03,27.0,0.94,47.46
2023-04-30 03:00:00+08:00,26.15,26.0,1.0,47.64
2023-04-30 04:00:00+08:00,26.22,26.0,0.94,47.95
2023-04-30 05:00:00+08:00,26.32,26.0,0.94,48.41
2023-04-30 06:00:00+08:00,26.39,26.0,0.94,48.74
2023-04-30 07:00:00+08:00,26.56,26.0,0.94,49.53
2023-04-30 08:00:00+08:00,26.83,28.5,0.82,51.71
2023-04-30 09:00:00+08:00,27.16,31.0,0.7,54.18
2023-04-30 10:00:00+08:00,27.53,32.0,0.67,56.27
2023-04-30 11:00:00+08:00,27.79,30.0,0.75,56.72
2023-04-30 12:00:00+08:00,27.95,27.0,0.84,56.33
2023-04-30 13:00:00+08:00,28.05,29.0,0.79,57.55
2023-04-30 14:00:00+08:00,28.17,30.0,0.7,58.47
2023-04-30 15:00:00+08:00,28.29,31.0,0.66,59.4
2023-04-30 16:00:00+08:00,28.45,32.0,0.63,60.52
2023-04-30 17:00:00+08:00,28.5,31.0,0.66,60.37
2023-04-30 18:00:00+08:00,28.39,28.0,0.84,58.75
2023-04-30 19:00:00+08:00,28.25,28.0,0.74,58.08
2023-04-30 20:00:00+08:00,28.03,28.0,0.84,57.08
2023-04-30 21:00:00+08:00,27.86,28.0,0.84,56.3
2023-04-30 22:00:00+08:00,27.71,28.0,0.84,55.6
2023-04-30 23:00:00+08:00,27.65,28.0,0.79,55.31
2023-05-15 15:00:00+08:00,20.24,32.0,0.59,22.47
2023-05-15 16:00:00+08:00,20.29,29.0,0.7,21.57
2023-05-15 17:00:00+08:00,20.35,29.0,0.7,21.85
2023-05-15 18:00:00+08:00,20.36,30.0,0.7,22.28
2023-05-15 19:00:00+08:00,20.32,29.0,0.74,21.72
2023-05-15 20:00:00+08:00,20.25,29.0,0.79,21.41
2023-05-15 21:00:00+08:00,20.41,28.75,0.8,22.06
2023-05-15 22:00:00+08:00,22.42,28.5,0.82,31.28
2023-05-15 23:00:00+08:00,23.7,28.25,0.83,37.12
2023-05-16 00:00:00+08:00,24.61,28.0,0.84,41.24
2023-05-16 01:00:00+08:00,25.22,28.0,0.84,44.06
2023-05-16 02:00:00+08:00,25.66,28.0,0.84,46.1
2023-05-16 03:00:00+08:00,26.03,27.0,0.89,47.44
2023-05-16 04:00:00+08:00,26.32,27.0,0.89,48.79
2023-05-16 05:00:00+08:00,26.53,27.0,0.89,49.76
2023-05-16 06:00:00+08:00,26.73,27.0,0.89,50.69
2023-05-16 07:00:00+08:00,27.18,27.0,0.89,52.77
2023-05-16 08:00:00+08:00,25.01,28.0,0.86,43.1
2023-05-16 09:00:00+08:00,21.93,29.0,0.84,29.21
2023-05-16 10:00:00+08:00,20.48,23.0,0.94,20.2
2023-05-16 11:00:00+08:00,20.49,25.0,0.89,21.0
2023-05-16 12:00:00+08:00,20.48,26.0,0.84,21.33
2023-05-16 13:00:00+08:00,20.59,27.0,0.79,22.21
2023-05-16 14:00:00+08:00,20.56,28.0,0.74,22.45
2023-05-16 15:00:00+08:00,20.55,29.0,0.7,22.78
2023-05-16 16:00:00+08:00,20.47,29.0,0.7,22.41
2023-05-16 17:00:00+08:00,20.4,30.0,0.66,22.46
2023-05-16 18:00:00+08:00,20.31,29.0,0.7,21.67
2023-05-16 19:00:00+08:00,20.33,28.0,0.74,21.38
2023-05-16 20:00:00+08:00,20.22,28.0,0.79,20.89
2023-05-16 21:00:00+08:00,20.4,27.75,0.8,21.63
2023-05-16 22:00:00+08:00,22.31,27.5,0.82,30.38
2023-05-16 23:00:00+08:00,23.48,27.25,0.83,35.71
2023-05-17 00:00:00+08:00,24.27,27.0,0.84,39.28
2023-05-17 01:00:00+08:00,24.89,27.0,0.89,42.16
2023-05-17 02:00:00+08:00,25.29,26.0,0.94,43.64
2023-05-17 03:00:00+08:00,25.69,26.0,0.94,45.49
2023-05-17 04:00:00+08:00,25.9,26.0,0.94,46.47
2023-05-17 05:00:00+08:00,26.1,26.0,0.94,47.39
2023-05-17 06:00:00+08:00,26.31,26.0,0.94,48.37
2023-05-17 07:00:00+08:00,26.83,26.0,0.94,50.78
2023-05-17 08:00:00+08:00,24.61,28.0,0.86,41.24
2023-05-17 09:00:00+08:00,21.59,30.0,0.79,28.0
2023-05-17 10:00:00+08:00,20.53,30.0,0.79,23.09
2023-05-17 11:00:00+08:00,20.64,31.0,0.7,23.97
2023-05-17 12:00:00+08:00,20.62,31.0,0.66,23.86
2023-05-17 13:00:00+08:00,20.71,28.5,0.8,23.35
2023-05-17 14:00:00+08:00,20.85,26.0,0.94,23.07
2023-05-17 15:00:00+08:00,20.99,26.0,0.89,23.71
2023-05-17 16:00:00+08:00,21.65,27.0,0.84,27.14
2023-05-17 17:00:00+08:00,21.56,28.0,0.84,27.11
2023-05-17 18:00:00+08:00,20.77,28.0,0.84,23.45
2023-05-17 19:00:00+08:00,20.53,27.0,0.89,21.96
2023-05-17 20:00:00+08:00,20.43,27.0,0.89,21.5
2023-05-17 21:00:00+08:00,20.57,26.75,0.9,22.05
2023-05-17 22:00:00+08:00,22.24,26.5,0.92,29.7
2023-05-17 23:00:00+08:00,23.39,26.25,0.93,34.93
2023-05-18 00:00:00+08:00,24.17,26.0,0.94,38.45
2023-05-18 01:00:00+08:00,24.69,26.0,0.94,40.86
2023-05-18 02:00:00+08:00,25.12,26.0,0.94,42.85
2023-05-18 03:00:00+08:00,25.47,26.0,0.94,44.47
2023-05-18 04:00:00+08:00,25.74,26.0,0.94,45.73
2023-05-18 05:00:00+08:00,25.94,26.0,0.94,46.65
2023-05-18 06:00:00+08:00,26.16,26.0,0.94,47.67
2023-05-18 07:00:00+08:00,26.57,26.0,0.94,49.57
2023-05-18 08:00:00+08:00,24.24,28.0,0.84,39.52
2023-05-18 09:00:00+08:00,21.28,30.0,0.75,26.56
2023-05-18 10:00:00+08:00,20.7,31.0,0.66,24.23
2023-05-18 11:00:00+08:00,20.75,32.0,0.63,24.85
2023-05-18 12:00:00+08:00,21.21,33.0,0.56,27.35
2023-05-18 13:00:00+08:00,21.47,33.0,0.56,28.55
2023-05-18 14:00:00+08:00,21.46,33.0,0.56,28.5
2023-05-18 15:00:00+08:00,21.66,33.0,0.56,29.43
2023-05-18 16:00:00+08:00,21.02,35.0,0.47,27.21
2023-05-18 17:00:00+08:00,20.87,33.0,0.52,25.76
2023-05-18 18:00:00+08:00,20.81,32.0,0.55,25.1
2023-05-18 19:00:00+08:00,20.66,31.0,0.59,24.03
2023-05-18 20:00:00+08:00,20.46,31.0,0.62,23.11
2023-05-18 21:00:00+08:00,20.53,30.25,0.68,23.16
2023-05-18 22:00:00+08:00,22.23,29.5,0.73,30.76
2023-05-18 23:00:00+08:00,23.4,28.75,0.78,35.91
2023-05-19 00:00:00+08:00,24.17,28.0,0.84,39.2
2023-05-19 01:00:00+08:00,24.71,28.0,0.84,41.7
2023-05-19 02:00:00+08:00,25.15,28.0,0.84,43.74
2023-05-19 03:00:00+08:00,25.5,27.5,0.86,45.17
2023-05-19 04:00:00+08:00,25.8,27.0,0.89,46.38
2023-05-19 05:00:00+08:00,26.07,28.0,0.84,48.0
2023-05-19 06:00:00+08:00,26.08,26.0,0.89,47.29
2023-05-19 07:00:00+08:00,26.41,26.0,0.89,48.82
2023-05-19 08:00:00+08:00,24.0,26.5,0.86,37.84
2023-05-19 09:00:00+08:00,21.05,27.0,0.84,24.36
2023-05-19 10:00:00+08:00,20.79,28.0,0.79,23.53
2023-05-19 11:00:00+08:00,20.72,29.0,0.74,23.58
2023-05-19 12:00:00+08:00,20.69,32.0,0.63,24.57
2023-05-19 13:00:00+08:00,20.63,31.0,0.66,23.91
2023-05-19 14:00:00+08:00,20.59,33.0,0.59,24.48
2023-05-19 15:00:00+08:00,20.59,32.0,0.59,24.09
2023-05-19 16:00:00+08:00,20.75,32.0,0.59,24.84
2023-05-19 17:00:00+08:00,20.7,31.0,0.62,24.23
2023-05-19 18:00:00+08:00,20.6,31.0,0.62,23.76
2023-05-19 19:00:00+08:00,20.44,30.0,0.66,22.64
2023-05-19 20:00:00+08:00,20.35,30.0,0.66,22.23
2023-05-19 21:00:00+08:00,20.49,29.75,0.68,22.78
2023-05-19 22:00:00+08:00,22.13,29.5,0.7,30.29
2023-05-19 23:00:00+08:00,23.29,29.25,0.72,35.57
2023-05-20 00:00:00+08:00,24.1,29.0,0.74,39.24
2023-05-20 01:00:00+08:00,24.66,29.0,0.76,41.84
2023-05-20 02:00:00+08:00,25.09,29.0,0.77,43.83
2023-05-20 03:00:00+08:00,25.41,29.0,0.79,45.32
2023-05-20 04:00:00+08:00,25.69,29.0,0.79,46.62
2023-05-20 05:00:00+08:00,25.93,28.0,0.84,47.35
2023-05-20 06:00:00+08:00,26.11,28.0,0.84,48.19
2023-05-20 07:00:00+08:00,26.54,28.0,0.84,50.18
2023-05-20 08:00:00+08:00,23.78,29.0,0.77,37.76
2023-05-20 09:00:00+08:00,21.11,30.0,0.7,25.76
2023-05-20 10:00:00+08:00,20.71,30.0,0.7,23.91
2023-05-20 11:00:00+08:00,20.73,31.0,0.66,24.37
2023-05-20 12:00:00+08:00,20.6,31.0,0.7,23.78
2023-05-20 13:00:00+08:00,20.72,32.0,0.63,24.71
2023-05-20 14:00:00+08:00,20.72,32.0,0.63,24.71
2023-05-20 15:00:00+08:00,20.73,32.0,0.63,24.75
2023-05-20 16:00:00+08:00,20.88,31.0,0.66,25.07
2023-05-20 17:00:00+08:00,22.99,31.0,0.59,34.83
2023-05-20 18:00:00+08:00,24.21,31.0,0.62,40.49
2023-05-20 19:00:00+08:00,24.96,31.0,0.62,43.96
2023-05-20 20:00:00+08:00,25.29,29.0,0.74,44.75
2023-05-20 21:00:00+08:00,25.72,29.0,0.75,46.74
2023-05-20 22:00:00+08:00,26.09,29.0,0.76,48.46
2023-05-20 23:00:00+08:00,26.31,29.0,0.78,49.49
2023-05-21 00:00:00+08:00,26.51,29.0,0.79,50.41
2023-05-21 01:00:00+08:00,26.61,29.0,0.79,50.88
2023-05-21 02:00:00+08:00,26.67,29.0,0.79,51.16
2023-05-21 03:00:00+08:00,26.75,29.0,0.79,51.53
2023-05-21 04:00:00+08:00,26.85,29.0,0.79,51.99
2023-05-21 05:00:00+08:00,26.94,29.0,0.79,52.41
2023-05-21 06:00:00+08:00,26.98,28.0,0.84,52.22
2023-05-21 07:00:00+08:00,26.97,29.0,0.84,52.56
2023-05-21 08:00:00+08:00,27.06,26.5,0.89,52.02
2023-05-21 09:00:00+08:00,27.19,24.0,0.94,51.67
2023-05-21 10:00:00+08:00,27.44,24.75,0.91,53.11
2023-05-21 11:00:00+08:00,27.59,25.5,0.89,54.09
2023-05-21 12:00:00+08:00,27.73,26.25,0.86,55.02
2023-05-21 13:00:00+08:00,27.77,27.0,0.84,55.49
2023-05-21 14:00:00+08:00,27.88,27.0,0.79,55.99
2023-05-21 15:00:00+08:00,28.01,27.0,0.79,56.59
2023-05-21 16:00:00+08:00,28.05,27.0,0.79,56.78
2023-05-21 17:00:00+08:00,28.05,28.0,0.79,57.16
2023-05-21 18:00:00+08:00,28.14,27.0,0.84,57.21
2023-05-21 19:00:00+08:00,28.05,27.0,0.84,56.79
2023-05-21 20:00:00+08:00,27.93,26.8,0.85,56.16
2023-05-21 21:00:00+08:00,27.74,26.6,0.86,55.2
2023-05-21 22:00:00+08:00,27.64,26.4,0.87,54.67
2023-05-21 23:00:00+08:00,27.55,26.2,0.88,54.17
2023-05-22 00:00:00+08:00,27.55,26.0,0.89,54.1
2023-05-22 01:00:00+08:00,27.54,26.0,0.89,54.05
2023-05-22 02:00:00+08:00,27.54,26.0,0.89,54.05
2023-05-22 03:00:00+08:00,27.54,26.0,0.89,54.05
2023-05-22 04:00:00+08:00,27.55,25.0,0.94,53.73
2023-05-22 05:00:00+08:00,27.55,25.0,0.94,53.73
2023-05-22 06:00:00+08:00,27.57,25.0,0.94,53.82
2023-05-22 07:00:00+08:00,27.86,26.0,0.89,55.54
2023-05-22 08:00:00+08:00,25.76,28.0,0.8,46.56
2023-05-22 09:00:00+08:00,22.32,30.0,0.7,31.36
2023-05-22 10:00:00+08:00,20.72,31.0,0.66,24.33
2023-05-22 11:00:00+08:00,20.79,32.0,0.63,25.03
2023-05-22 12:00:00+08:00,20.88,32.0,0.59,25.44
2023-05-22 13:00:00+08:00,20.81,33.0,0.59,25.5
2023-05-22 14:00:00+08:00,20.8,34.0,0.49,25.81
2023-05-22 15:00:00+08:00,20.68,33.0,0.52,24.88
2023-05-22 16:00:00+08:00,20.69,34.0,0.49,25.3
2023-05-22 17:00:00+08:00,20.66,32.0,0.59,24.42
2023-05-22 18:00:00+08:00,20.67,30.0,0.7,23.72
2023-05-22 19:00:00+08:00,20.57,30.0,0.7,23.26
2023-05-22 20:00:00+08:00,20.52,30.0,0.75,23.04
2023-05-22 21:00:00+08:00,20.64,29.75,0.76,23.5
2023-05-22 22:00:00+08:00,22.69,29.5,0.77,32.9
2023-05-22 23:00:00+08:00,24.03,29.25,0.78,39.02
2023-05-23 00:00:00+08:00,24.78,29.0,0.79,42.4
2023-05-23 01:00:00+08:00,25.35,28.0,0.84,44.67
2023-05-23 02:00:00+08:00,25.75,28.0,0.84,46.52
2023-05-23 03:00:00+08:00,26.09,29.0,0.79,48.47
2023-05-23 04:00:00+08:00,26.28,29.0,0.79,49.35
2023-05-23 05:00:00+08:00,26.45,28.0,0.84,49.76
2023-05-23 06:00:00+08:00,26.64,28.0,0.84,50.64
2023-05-23 07:00:00+08:00,26.89,25.0,0.89,50.66
2023-05-23 08:00:00+08:00,24.51,25.5,0.86,39.81
2023-05-23 09:00:00+08:00,21.46,26.0,0.84,25.87
2023-05-23 10:00:00+08:00,20.73,27.0,0.84,22.87
2023-05-23 11:00:00+08:00,20.72,30.0,0.66,23.94
2023-05-23 12:00:00+08:00,20.65,32.0,0.55,24.36
2023-05-23 13:00:00+08:00,20.63,32.0,0.55,24.27
2023-05-23 14:00:00+08:00,20.75,33.0,0.52,25.2
2023-05-23 15:00:00+08:00,20.64,31.0,0.66,23.96
2023-05-23 16:00:00+08:00,20.67,32.0,0.63,24.47
2023-05-23 17:00:00+08:00,20.59,32.0,0.59,24.09
2023-05-23 18:00:00+08:00,20.55,31.0,0.59,23.52
2023-05-23 19:00:00+08:00,20.51,30.0,0.62,22.96
2023-05-23 20:00:00+08:00,20.38,30.0,0.62,22.36
2023-05-23 21:00:00+08:00,20.47,29.75,0.65,22.68
2023-05-23 22:00:00+08:00,22.16,29.5,0.68,30.43
2023-05-23 23:00:00+08:00,23.4,29.25,0.71,36.08
2023-05-24 00:00:00+08:00,24.25,29.0,0.74,39.93
2023-05-24 01:00:00+08:00,24.85,29.0,0.79,42.72
2023-05-24 02:00:00+08:00,25.27,29.0,0.79,44.67
2023-05-24 03:00:00+08:00,25.63,29.0,0.74,46.32
2023-05-24 04:00:00+08:00,25.98,28.0,0.79,47.57
2023-05-24 05:00:00+08:00,26.19,28.0,0.84,48.56
2023-05-24 06:00:00+08:00,26.36,28.0,0.84,49.35
2023-05-24 07:00:00+08:00,26.83,28.0,0.84,51.52
2023-05-24 08:00:00+08:00,24.61,29.0,0.8,41.61
2023-05-24 09:00:00+08:00,21.61,30.0,0.75,28.09
2023-05-24 10:00:00+08:00,20.66,30.0,0.7,23.67
2023-05-24 11:00:00+08:00,20.84,31.0,0.62,24.87
2023-05-24 12:00:00+08:00,20.85,32.0,0.59,25.3
2023-05-24 13:00:00+08:00,20.71,33.0,0.56,25.03
2023-05-24 14:00:00+08:00,20.74,33.0,0.52,25.16
2023-05-24 15:00:00+08:00,20.93,33.0,0.49,26.03
2023-05-24 16:00:00+08:00,20.9,34.0,0.49,26.28
2023-05-24 17:00:00+08:00,20.83,32.0,0.59,25.21
2023-05-24 18:00:00+08:00,20.55,32.0,0.52,23.89
2023-05-24 19:00:00+08:00,20.35,32.0,0.55,22.97
2023-05-24 20:00:00+08:00,20.42,31.0,0.62,22.93
2023-05-24 21:00:00+08:00,20.6,30.75,0.65,23.67
2023-05-24 22:00:00+08:00,22.18,30.5,0.68,30.9
2023-05-24 23:00:00+08:00,23.45,30.25,0.72,36.7
2023-05-25 00:00:00+08:00,24.29,30.0,0.75,40.5
2023-05-25 01:00:00+08:00,24.86,30.0,0.75,43.15
2023-05-25 02:00:00+08:00,25.32,29.0,0.79,44.9
2023-05-25 03:00:00+08:00,25.66,29.0,0.79,46.48
2023-05-25 04:00:00+08:00,25.98,29.0,0.79,47.96
2023-05-25 05:00:00+08:00,26.21,29.0,0.79,49.02
2023-05-25 06:00:00+08:00,26.32,29.0,0.84,49.55
2023-05-25 07:00:00+08:00,26.62,29.0,0.79,50.92
2023-05-25 08:00:00+08:00,24.52,30.0,0.74,41.57
2023-05-25 09:00:00+08:00,21.47,31.0,0.7,27.81
2023-05-25 10:00:00+08:00,20.26,31.0,0.7,22.21
2023-05-25 11:00:00+08:00,20.19,32.0,0.67,22.26
2023-05-25 12:00:00+08:00,20.17,32.0,0.67,22.17
2023-05-25 13:00:00+08:00,20.25,33.0,0.59,22.9
2023-05-25 14:00:00+08:00,20.29,32.0,0.59,22.7
2023-05-25 15:00:00+08:00,20.47,32.0,0.59,23.54
2023-05-25 16:00:00+08:00,20.52,32.0,0.59,23.77
2023-05-25 17:00:00+08:00,20.52,32.0,0.63,23.78
2023-05-25 18:00:00+08:00,20.52,31.0,0.66,23.4
2023-05-25 19:00:00+08:00,20.46,31.0,0.66,23.12
2023-05-25 20:00:00+08:00,20.45,31.0,0.66,23.08
2023-05-25 21:00:00+08:00,20.64,30.75,0.68,23.87
2023-05-25 22:00:00+08:00,22.21,30.5,0.7,31.05
2023-05-25 23:00:00+08:00,23.47,30.25,0.73,36.8
2023-05-26 00:00:00+08:00,24.22,30.0,0.75,40.18
2023-05-26 01:00:00+08:00,24.86,29.0,0.79,42.77
2023-05-26 02:00:00+08:00,25.28,29.0,0.79,44.72
2023-05-26 03:00:00+08:00,25.61,29.0,0.84,46.26
2023-05-26 04:00:00+08:00,25.89,29.0,0.84,47.55
2023-05-26 05:00:00+08:00,26.12,29.0,0.79,48.61
2023-05-26 06:00:00+08:00,26.2,29.0,0.79,48.98
2023-05-26 07:00:00+08:00,26.57,29.0,0.79,50.69
2023-05-26 08:00:00+08:00,24.52,27.5,0.86,40.63
2023-05-26 09:00:00+08:00,21.29,26.0,0.94,25.11
2023-05-26 10:00:00+08:00,20.44,26.0,0.94,21.17
2023-05-26 11:00:00+08:00,20.55,29.0,0.84,22.81
2023-05-26 12:00:00+08:00,20.45,31.0,0.7,23.09
2023-05-26 13:00:00+08:00,20.51,27.0,0.89,21.87
2023-05-26 14:00:00+08:00,20.31,30.0,0.75,22.06
2023-05-26 15:00:00+08:00,20.35,30.0,0.66,22.23
2023-05-26 16:00:00+08:00,20.45,31.0,0.62,23.07
2023-05-26 17:00:00+08:00,20.51,30.0,0.7,22.98
2023-05-26 18:00:00+08:00,20.47,29.0,0.74,22.42
2023-05-26 19:00:00+08:00,20.43,29.0,0.74,22.23
2023-05-26 20:00:00+08:00,20.35,29.0,0.74,21.86
2023-05-26 21:00:00+08:00,20.52,28.5,0.78,22.47
2023-05-26 22:00:00+08:00,21.92,28.0,0.82,28.77
2023-05-26 23:00:00+08:00,22.93,27.5,0.85,33.26
2023-05-27 00:00:00+08:00,23.7,27.0,0.89,36.65
2023-05-27 01:00:00+08:00,24.25,27.0,0.89,39.2
2023-05-27 02:00:00+08:00,24.64,28.0,0.84,41.38
2023-05-27 03:00:00+08:00,24.97,28.0,0.84,42.91
2023-05-27 04:00:00+08:00,25.24,28.0,0.84,44.16
2023-05-27 05:00:00+08:00,25.47,27.0,0.89,44.85
2023-05-27 06:00:00+08:00,25.66,27.0,0.89,45.73
2023-05-27 07:00:00+08:00,26.09,28.0,0.84,48.09
2023-05-27 08:00:00+08:00,23.67,29.0,0.8,37.26
2023-05-27 09:00:00+08:00,20.84,30.0,0.75,24.52
2023-05-27 10:00:00+08:00,20.5,31.0,0.66,23.31
2023-05-27 11:00:00+08:00,20.46,32.0,0.63,23.5
2023-05-27 12:00:00+08:00,20.32,33.0,0.59,23.23
2023-05-27 13:00:00+08:00,20.48,32.0,0.67,23.6
2023-05-27 14:00:00+08:00,20.42,32.0,0.59,23.31
2023-05-27 15:00:00+08:00,20.49,31.0,0.7,23.27
2023-05-27 16:00:00+08:00,20.69,30.0,0.7,23.81
2023-05-27 17:00:00+08:00,22.61,31.0,0.66,33.08
2023-05-27 18:00:00+08:00,23.89,30.0,0.7,38.64
2023-05-27 19:00:00+08:00,24.67,30.0,0.75,42.27
2023-05-27 20:00:00+08:00,25.05,29.0,0.74,43.64
2023-05-27 21:00:00+08:00,25.21,29.0,0.74,44.38
2023-05-27 22:00:00+08:00,25.35,29.0,0.74,45.03
2023-05-27 23:00:00+08:00,25.61,29.0,0.74,46.23
2023-05-28 00:00:00+08:00,25.78,29.0,0.74,47.02
2023-05-28 01:00:00+08:00,25.86,28.0,0.79,47.02
2023-05-28 02:00:00+08:00,25.96,27.0,0.89,47.12
2023-05-28 03:00:00+08:00,26.07,28.0,0.79,47.99
2023-05-28 04:00:00+08:00,26.19,28.0,0.79,48.55
2023-05-28 05:00:00+08:00,26.26,27.0,0.84,48.5
2023-05-28 06:00:00+08:00,26.36,27.0,0.84,48.96
2023-05-28 07:00:00+08:00,26.53,28.0,0.79,50.12
2023-05-28 08:00:00+08:00,26.78,27.5,0.82,51.09
2023-05-28 09:00:00+08:00,27.0,27.0,0.84,51.93
2023-05-28 10:00:00+08:00,27.36,30.0,0.7,54.72
2023-05-28 11:00:00+08:00,27.67,31.0,0.66,56.53
2023-05-28 12:00:00+08:00,27.89,32.0,0.63,57.93
2023-05-28 13:00:00+08:00,28.05,32.0,0.63,58.67
2023-05-28 14:00:00+08:00,28.1,33.0,0.56,59.27
2023-05-28 15:00:00+08:00,28.24,32.0,0.55,59.53
2023-05-28 16:00:00+08:00,28.33,32.0,0.55,59.95
2023-05-28 17:00:00+08:00,28.43,32.0,0.55,60.41
2023-05-28 18:00:00+08:00,28.37,31.0,0.66,59.77
2023-05-28 19:00:00+08:00,28.32,31.0,0.62,59.53
2023-05-28 20:00:00+08:00,28.08,30.0,0.7,58.05
2023-05-28 21:00:00+08:00,28.01,29.75,0.72,57.64
2023-05-28 22:00:00+08:00,27.95,29.5,0.74,57.27
2023-05-28 23:00:00+08:00,27.9,29.25,0.77,56.95
2023-05-29 00:00:00+08:00,27.74,29.0,0.79,56.11
2023-05-29 01:00:00+08:00,27.65,29.0,0.74,55.68
2023-05-29 02:00:00+08:00,27.56,29.0,0.79,55.28
2023-05-29 03:00:00+08:00,27.64,25.0,0.89,54.13
2023-05-29 04:00:00+08:00,27.51,25.0,0.94,53.54
2023-05-29 05:00:00+08:00,27.48,26.0,0.84,53.76
2023-05-29 06:00:00+08:00,27.54,27.0,0.84,54.43
2023-05-29 07:00:00+08:00,27.78,27.0,0.89,55.55
2023-05-29 08:00:00+08:00,25.58,28.0,0.82,45.73
2023-05-29 09:00:00+08:00,22.35,29.0,0.74,31.13
2023-05-29 10:00:00+08:00,21.18,30.0,0.66,26.07
2023-05-29 11:00:00+08:00,20.42,32.0,0.63,23.32
2023-05-29 12:00:00+08:00,20.18,32.0,0.59,22.19
2023-05-29 13:00:00+08:00,20.06,33.0,0.56,22.02
2023-05-29 14:00:00+08:00,20.04,33.0,0.56,21.92
2023-05-29 15:00:00+08:00,20.14,33.0,0.56,22.39
2023-05-29 16:00:00+08:00,20.34,33.0,0.49,23.3
2023-05-29 17:00:00+08:00,20.46,34.0,0.49,24.24
2023-05-29 18:00:00+08:00,20.6,33.0,0.49,24.5
2023-05-29 19:00:00+08:00,20.54,32.0,0.55,23.85
2023-05-29 20:00:00+08:00,20.5,31.0,0.59,23.29
2023-05-29 21:00:00+08:00,20.68,30.5,0.62,23.94
2023-05-29 22:00:00+08:00,22.1,30.0,0.64,30.33
2023-05-29 23:00:00+08:00,23.27,29.5,0.67,35.57
2023-05-30 00:00:00+08:00,24.09,29.0,0.7,39.18
2023-05-30 01:00:00+08:00,24.66,29.0,0.79,41.84
2023-05-30 02:00:00+08:00,25.18,28.0,0.84,43.88
2023-05-30 03:00:00+08:00,25.67,29.0,0.79,46.52
2023-05-30 04:00:00+08:00,25.96,29.0,0.79,47.87
2023-05-30 05:00:00+08:00,26.15,28.0,0.84,48.37
2023-05-30 06:00:00+08:00,26.23,28.0,0.84,48.74
2023-05-30 07:00:00+08:00,26.64,28.0,0.84,50.64
2023-05-30 08:00:00+08:00,24.45,29.5,0.75,41.05
2023-05-30 09:00:00+08:00,21.52,31.0,0.66,28.03
2023-05-30 10:00:00+08:00,20.25,31.0,0.7,22.16
2023-05-30 11:00:00+08:00,20.19,32.0,0.63,22.25
2023-05-30 12:00:00+08:00,20.3,33.0,0.59,23.14
2023-05-30 13:00:00+08:00,20.37,33.0,0.56,23.45
2023-05-30 14:00:00+08:00,20.24,32.0,0.59,22.47
2023-05-30 15:00:00+08:00,20.3,31.0,0.7,22.39
2023-05-30 16:00:00+08:00,20.34,30.0,0.75,22.2
2023-05-30 17:00:00+08:00,20.4,30.0,0.7,22.47
2023-05-30 18:00:00+08:00,20.45,30.0,0.75,22.71
2023-05-30 19:00:00+08:00,20.44,30.0,0.75,22.67
2023-05-30 20:00:00+08:00,20.37,30.0,0.75,22.34
2023-05-30 21:00:00+08:00,20.53,29.75,0.77,22.99
2023-05-30 22:00:00+08:00,22.24,29.5,0.8,30.83
2023-05-30 23:00:00+08:00,23.43,29.25,0.82,36.25
2023-05-31 00:00:00+08:00,24.28,29.0,0.84,40.09
2023-05-31 01:00:00+08:00,24.83,29.0,0.79,42.63
2023-05-31 02:00:00+08:00,25.22,29.0,0.79,44.44
2023-05-31 03:00:00+08:00,25.6,29.0,0.79,46.2
2023-05-31 04:00:00+08:00,25.87,29.0,0.79,47.45
2023-05-31 05:00:00+08:00,26.0,29.0,0.79,48.05
2023-05-31 06:00:00+08:00,26.11,29.0,0.79,48.56
2023-05-31 07:00:00+08:00,26.6,29.0,0.79,50.83
2023-05-31 08:00:00+08:00,24.43,29.5,0.77,40.97
2023-05-31 09:00:00+08:00,21.59,30.0,0.75,27.99
2023-05-31 10:00:00+08:00,20.34,31.0,0.66,22.57
2023-05-31 11:00:00+08:00,20.39,32.0,0.59,23.17
2023-05-31 12:00:00+08:00,20.41,32.0,0.63,23.27
2023-05-31 13:00:00+08:00,20.31,32.0,0.63,22.81
2023-05-31 14:00:00+08:00,20.39,33.0,0.56,23.55
2023-05-31 15:00:00+08:00,20.49,33.0,0.56,24.01
2023-05-31 16:00:00+08:00,20.36,33.0,0.56,23.41
2023-05-31 17:00:00+08:00,20.29,33.0,0.59,23.09
2023-05-31 18:00:00+08:00,20.33,32.5,0.61,23.09
2023-05-31 19:00:00+08:00,20.31,32.0,0.63,22.81
2023-05-31 20:00:00+08:00,20.21,32.0,0.59,22.33
2023-05-31 21:00:00+08:00,20.3,31.0,0.7,22.39
2023-05-31 22:00:00+08:00,22.1,31.0,0.7,30.73
2023-05-31 23:00:00+08:00,23.35,31.0,0.7,36.52
