time,device_temperature,climate_temperature,climate_humidity
2023-03-15 15:00:00+08:00,20.24,31,0.52
2023-03-15 16:00:00+08:00,20.25,31,0.52
2023-03-15 17:00:00+08:00,20.25,30,0.55
2023-03-15 18:00:00+08:00,20.25,30,0.59
2023-03-15 19:00:00+08:00,20.17,29,0.58
2023-03-15 20:00:00+08:00,20.12,28,0.66
2023-03-15 21:00:00+08:00,20.2,27,0.74
2023-03-15 22:00:00+08:00,21.79,27,0.74
2023-03-15 23:00:00+08:00,23.18,26,0.79
2023-03-16 00:00:00+08:00,24.04,26,0.79
2023-03-16 01:00:00+08:00,24.64,26,0.79
2023-03-16 02:00:00+08:00,25.05,26,0.79
2023-03-16 03:00:00+08:00,25.35,25,0.83
2023-03-16 04:00:00+08:00,25.6,25,0.83
2023-03-16 05:00:00+08:00,25.79,25,0.83
2023-03-16 06:00:00+08:00,25.94,25,0.83
2023-03-16 07:00:00+08:00,26.12,25,0.83
2023-03-16 08:00:00+08:00,23.77,26,0.78
2023-03-16 09:00:00+08:00,20.95,27,0.74
2023-03-16 10:00:00+08:00,20.51,29,0.66
2023-03-16 11:00:00+08:00,20.47,30,0.62
2023-03-16 12:00:00+08:00,20.18,32,0.52
2023-03-16 13:00:00+08:00,20.08,32,0.52
2023-03-16 14:00:00+08:00,19.88,33,0.49
2023-03-16 15:00:00+08:00,19.98,33,0.46
2023-03-16 16:00:00+08:00,20.07,33,0.46
2023-03-16 17:00:00+08:00,20.14,32,0.49
2023-03-16 18:00:00+08:00,20.18,31,0.55
2023-03-16 19:00:00+08:00,20.11,29,0.62
2023-03-16 20:00:00+08:00,19.97,28,0.7
2023-03-16 21:00:00+08:00,20.06,27,0.79
2023-03-16 22:00:00+08:00,21.7,27,0.79
2023-03-16 23:00:00+08:00,23.11,27,0.79
2023-03-17 00:00:00+08:00,23.98,27,0.79
2023-03-17 01:00:00+08:00,24.59,27,0.79
2023-03-17 02:00:00+08:00,25,26,0.84
2023-03-17 03:00:00+08:00,25.32,26,0.84
2023-03-17 04:00:00+08:00,25.58,26,0.84
2023-03-17 05:00:00+08:00,25.79,26,0.84
2023-03-17 06:00:00+08:00,25.94,25,0.89
2023-03-17 07:00:00+08:00,26.15,26,0.84
2023-03-17 08:00:00+08:00,23.81,27,0.79
2023-03-17 09:00:00+08:00,20.76,28,0.74
2023-03-17 10:00:00+08:00,20.05,30,0.66
2023-03-17 11:00:00+08:00,19.9,30,0.62
2023-03-17 12:00:00+08:00,19.78,32,0.55
2023-03-17 13:00:00+08:00,19.86,32,0.55
2023-03-17 14:00:00+08:00,20.06,33,0.49
2023-03-17 15:00:00+08:00,20.06,33,0.52
2023-03-17 16:00:00+08:00,19.95,32,0.55
2023-03-17 17:00:00+08:00,19.96,31,0.59
2023-03-17 18:00:00+08:00,19.83,30,0.62
2023-03-17 19:00:00+08:00,19.77,29,0.66
2023-03-17 20:00:00+08:00,19.68,28,0.7
2023-03-17 21:00:00+08:00,19.79,28,0.7
2023-03-17 22:00:00+08:00,21.49,27,0.79
2023-03-17 23:00:00+08:00,22.91,27,0.79
2023-03-18 00:00:00+08:00,23.81,27,0.79
2023-03-18 01:00:00+08:00,24.43,27,0.79
2023-03-18 02:00:00+08:00,24.86,26,0.84
2023-03-18 03:00:00+08:00,25.18,26,0.84
2023-03-18 04:00:00+08:00,25.43,26,0.84
2023-03-18 05:00:00+08:00,25.62,26,0.84
2023-03-18 06:00:00+08:00,25.81,26,0.84
2023-03-18 07:00:00+08:00,26.13,25,0.89
2023-03-18 08:00:00+08:00,26.55,26,0.84
2023-03-18 09:00:00+08:00,27.05,27,0.79
2023-03-18 10:00:00+08:00,25.69,28,0.74
2023-03-18 11:00:00+08:00,22.14,30,0.62
2023-03-18 12:00:00+08:00,20.15,32,0.55
2023-03-18 13:00:00+08:00,19.79,32,0.55
2023-03-18 14:00:00+08:00,19.78,32,0.55
2023-03-18 15:00:00+08:00,19.83,32,0.55
2023-03-18 16:00:00+08:00,20.05,31,0.59
2023-03-18 17:00:00+08:00,22.22,31,0.59
2023-03-18 18:00:00+08:00,23.93,31,0.59
2023-03-18 19:00:00+08:00,24.85,29,0.66
2023-03-18 20:00:00+08:00,25.28,28,0.74
2023-03-18 21:00:00+08:00,25.61,28,0.74
2023-03-18 22:00:00+08:00,25.85,27,0.84
2023-03-18 23:00:00+08:00,26.04,27,0.84
2023-03-19 00:00:00+08:00,26.18,26,0.89
2023-03-19 01:00:00+08:00,26.31,26,0.89
2023-03-19 02:00:00+08:00,26.4,26,0.89
2023-03-19 03:00:00+08:00,26.5,27,0.79
2023-03-19 04:00:00+08:00,26.58,26,0.89
2023-03-19 05:00:00+08:00,26.66,26,0.84
2023-03-19 06:00:00+08:00,26.76,26,0.84
2023-03-19 07:00:00+08:00,26.9,26,0.89
2023-03-19 08:00:00+08:00,27.11,27,0.84
2023-03-19 09:00:00+08:00,27.46,28,0.79
2023-03-19 10:00:00+08:00,27.71,29,0.74
2023-03-19 11:00:00+08:00,27.98,31,0.66
2023-03-19 12:00:00+08:00,28.23,31,0.62
2023-03-19 13:00:00+08:00,28.4,32,0.59
2023-03-19 14:00:00+08:00,28.54,33,0.59
2023-03-19 15:00:00+08:00,28.6,33,0.56
2023-03-19 16:00:00+08:00,28.55,31,0.62
2023-03-19 17:00:00+08:00,28.53,30,0.66
2023-03-19 18:00:00+08:00,28.54,29,0.74
2023-03-19 19:00:00+08:00,28.44,29,0.74
2023-03-19 20:00:00+08:00,28.25,28,0.74
2023-03-19 21:00:00+08:00,28.12,28,0.79
2023-03-19 22:00:00+08:00,28.05,28,0.79
2023-03-19 23:00:00+08:00,27.96,28,0.79
2023-03-20 00:00:00+08:00,27.94,27,0.84
2023-03-20 01:00:00+08:00,27.93,27,0.84
2023-03-20 02:00:00+08:00,27.86,27,0.84
2023-03-20 03:00:00+08:00,27.85,27,0.84
2023-03-20 04:00:00+08:00,27.85,26,0.89
2023-03-20 05:00:00+08:00,27.85,27,0.84
2023-03-20 06:00:00+08:00,27.85,27,0.84
2023-03-20 07:00:00+08:00,27.96,26,0.89
2023-03-20 08:00:00+08:00,26.06,27,0.84
2023-03-20 09:00:00+08:00,22.68,28,0.79
2023-03-20 10:00:00+08:00,20.67,30,0.66
2023-03-20 11:00:00+08:00,19.83,30,0.66
2023-03-20 12:00:00+08:00,19.78,31,0.62
2023-03-20 13:00:00+08:00,19.8,31,0.62
2023-03-20 14:00:00+08:00,19.79,29,0.79
2023-03-20 15:00:00+08:00,19.87,32,0.63
2023-03-20 16:00:00+08:00,19.95,32,0.59
2023-03-20 17:00:00+08:00,20.01,29,0.7
2023-03-20 18:00:00+08:00,20,29,0.7
2023-03-20 19:00:00+08:00,19.97,29,0.7
2023-03-20 20:00:00+08:00,19.95,28,0.79
2023-03-20 21:00:00+08:00,20.12,28,0.79
2023-03-20 22:00:00+08:00,21.83,27,0.84
2023-03-20 23:00:00+08:00,23.33,27,0.84
2023-03-21 00:00:00+08:00,24.24,27,0.84
2023-03-21 01:00:00+08:00,24.88,27,0.84
2023-03-21 02:00:00+08:00,25.31,27,0.84
2023-03-21 03:00:00+08:00,25.64,26,0.89
2023-03-21 04:00:00+08:00,25.93,26,0.89
2023-03-21 05:00:00+08:00,26.14,26,0.89
2023-03-21 06:00:00+08:00,26.32,26,0.89
2023-03-21 07:00:00+08:00,26.56,26,0.89
2023-03-21 08:00:00+08:00,24.4,25,0.92
2023-03-21 09:00:00+08:00,21.05,24,0.94
2023-03-21 10:00:00+08:00,20.19,25,0.89
2023-03-21 11:00:00+08:00,20.07,26,0.84
2023-03-21 12:00:00+08:00,20.04,27,0.79
2023-03-21 13:00:00+08:00,20.09,28,0.74
2023-03-21 14:00:00+08:00,19.7,30,0.62
2023-03-21 15:00:00+08:00,19.65,31,0.55
2023-03-21 16:00:00+08:00,19.37,32,0.52
2023-03-21 17:00:00+08:00,19.35,32,0.49
2023-03-21 18:00:00+08:00,19.51,31,0.62
2023-03-21 19:00:00+08:00,19.53,29,0.7
2023-03-21 20:00:00+08:00,19.5,29,0.74
2023-03-21 21:00:00+08:00,19.7,28,0.79
2023-03-21 22:00:00+08:00,21.63,27,0.84
2023-03-21 23:00:00+08:00,23,27,0.84
2023-03-22 00:00:00+08:00,23.81,26,0.89
2023-03-22 01:00:00+08:00,24.37,26,0.89
2023-03-22 02:00:00+08:00,24.77,26,0.89
2023-03-22 03:00:00+08:00,25.11,26,0.89
2023-03-22 04:00:00+08:00,25.36,26,0.89
2023-03-22 05:00:00+08:00,25.58,26,0.89
2023-03-22 06:00:00+08:00,25.75,25,0.94
2023-03-22 07:00:00+08:00,26.06,25,0.94
2023-03-22 08:00:00+08:00,23.6,26.5,0.86
2023-03-22 09:00:00+08:00,20.2,28,0.79
2023-03-22 10:00:00+08:00,19.5,30,0.66
2023-03-22 11:00:00+08:00,19.61,31,0.62
2023-03-22 12:00:00+08:00,19.69,31,0.62
2023-03-22 13:00:00+08:00,19.61,32,0.59
2023-03-22 14:00:00+08:00,19.64,31,0.66
2023-03-22 15:00:00+08:00,19.82,28.5,0.8
2023-03-22 16:00:00+08:00,19.81,26,0.94
2023-03-22 17:00:00+08:00,19.87,28,0.84
2023-03-22 18:00:00+08:00,20.13,29,0.74
2023-03-22 19:00:00+08:00,19.87,29,0.74
2023-03-22 20:00:00+08:00,19.63,28,0.79
2023-03-22 21:00:00+08:00,19.73,28,0.79
2023-03-22 22:00:00+08:00,21.69,27,0.84
2023-03-22 23:00:00+08:00,23.03,27,0.84
2023-03-23 00:00:00+08:00,23.79,27,0.84
2023-03-23 01:00:00+08:00,24.32,26,0.89
2023-03-23 02:00:00+08:00,24.72,26,0.89
2023-03-23 03:00:00+08:00,25.03,25,0.94
2023-03-23 04:00:00+08:00,25.29,25,0.94
2023-03-23 05:00:00+08:00,25.5,25,0.94
2023-03-23 06:00:00+08:00,25.66,25,0.94
2023-03-23 07:00:00+08:00,25.87,25,0.94
2023-03-23 08:00:00+08:00,23.24,26.5,0.86
2023-03-23 09:00:00+08:00,20,28,0.79
2023-03-23 10:00:00+08:00,19.55,30,0.7
2023-03-23 11:00:00+08:00,19.69,31,0.66
2023-03-23 12:00:00+08:00,19.61,32,0.59
2023-03-23 13:00:00+08:00,19.61,32,0.59
2023-03-23 14:00:00+08:00,19.64,34,0.56
2023-03-23 15:00:00+08:00,19.74,34,0.53
2023-03-23 16:00:00+08:00,19.66,34,0.53
2023-03-23 17:00:00+08:00,19.75,33,0.56
2023-03-23 18:00:00+08:00,19.98,31,0.62
2023-03-23 19:00:00+08:00,19.98,30,0.66
2023-03-23 20:00:00+08:00,19.98,29,0.7
2023-03-23 21:00:00+08:00,20.16,28,0.79
2023-03-23 22:00:00+08:00,21.73,28,0.79
2023-03-23 23:00:00+08:00,23.13,27,0.84
2023-03-24 00:00:00+08:00,24.05,27,0.84
2023-03-24 01:00:00+08:00,24.67,27,0.84
2023-03-24 02:00:00+08:00,25.1,27,0.84
2023-03-24 03:00:00+08:00,25.43,27,0.84
2023-03-24 04:00:00+08:00,25.66,26,0.89
2023-03-24 05:00:00+08:00,25.86,27,0.84
2023-03-24 06:00:00+08:00,26.05,27,0.84
2023-03-24 07:00:00+08:00,26.26,27,0.84
2023-03-24 08:00:00+08:00,24.03,28,0.77
2023-03-24 09:00:00+08:00,20.9,29,0.7
2023-03-24 10:00:00+08:00,20.04,30,0.7
2023-03-24 11:00:00+08:00,19.82,31,0.66
2023-03-24 12:00:00+08:00,19.83,33,0.56
2023-03-24 13:00:00+08:00,19.86,30,0.66
2023-03-24 14:00:00+08:00,19.95,31,0.66
2023-03-24 15:00:00+08:00,20.04,30,0.75
2023-03-24 16:00:00+08:00,20.46,28,0.79
2023-03-24 17:00:00+08:00,20.57,30,0.66
2023-03-24 18:00:00+08:00,20.27,26,0.89
2023-03-24 19:00:00+08:00,20.08,26,0.94
2023-03-24 20:00:00+08:00,20.04,26,0.94
2023-03-24 21:00:00+08:00,20.16,26,0.94
2023-03-24 22:00:00+08:00,21.7,26,0.94
2023-03-24 23:00:00+08:00,23.09,26,0.94
2023-03-25 00:00:00+08:00,23.98,26,0.89
2023-03-25 01:00:00+08:00,24.58,26,0.89
2023-03-25 02:00:00+08:00,25.04,26,0.89
2023-03-25 03:00:00+08:00,25.37,26,0.89
2023-03-25 04:00:00+08:00,25.64,26,0.89
2023-03-25 05:00:00+08:00,25.86,26,0.89
2023-03-25 06:00:00+08:00,26.05,25,0.94
2023-03-25 07:00:00+08:00,26.31,25,0.94
2023-03-25 08:00:00+08:00,26.58,26,0.89
2023-03-25 09:00:00+08:00,26.92,27,0.84
2023-03-25 10:00:00+08:00,25.74,29,0.79
2023-03-25 11:00:00+08:00,22.43,31,0.66
2023-03-25 12:00:00+08:00,20.26,32,0.63
2023-03-25 13:00:00+08:00,19.85,30,0.7
2023-03-25 14:00:00+08:00,20.05,27,0.89
2023-03-25 15:00:00+08:00,20.15,26,0.94
2023-03-25 16:00:00+08:00,20.33,26,0.89
2023-03-25 17:00:00+08:00,22.09,25,0.89
2023-03-25 18:00:00+08:00,23.52,25,0.94
2023-03-25 19:00:00+08:00,24.44,25,0.89
2023-03-25 20:00:00+08:00,24.95,25,0.89
2023-03-25 21:00:00+08:00,25.32,25,0.89
2023-03-25 22:00:00+08:00,25.62,25,0.89
2023-03-25 23:00:00+08:00,25.84,24,0.89
2023-03-26 00:00:00+08:00,26.02,24,0.89
2023-03-26 01:00:00+08:00,26.19,24,0.89
2023-03-26 02:00:00+08:00,26.31,24,0.94
2023-03-26 03:00:00+08:00,26.41,24,0.94
2023-03-26 04:00:00+08:00,26.51,24,0.94
2023-03-26 05:00:00+08:00,26.59,26,0.79
2023-03-26 06:00:00+08:00,26.68,25,0.83
2023-03-26 07:00:00+08:00,26.77,26,0.84
2023-03-26 08:00:00+08:00,26.91,26.5,0.84
2023-03-26 09:00:00+08:00,27.11,27,0.84
2023-03-26 10:00:00+08:00,27.42,29,0.74
2023-03-26 11:00:00+08:00,27.7,30,0.75
2023-03-26 12:00:00+08:00,27.96,30,0.7
2023-03-26 13:00:00+08:00,28.16,32,0.63
2023-03-26 14:00:00+08:00,28.34,31,0.66
2023-03-26 15:00:00+08:00,28.53,31,0.7
2023-03-26 16:00:00+08:00,28.58,30,0.7
2023-03-26 17:00:00+08:00,28.43,29,0.7
2023-03-26 18:00:00+08:00,28.28,27,0.7
2023-03-26 19:00:00+08:00,28.16,27,0.74
2023-03-26 20:00:00+08:00,28,27,0.74
2023-03-26 21:00:00+08:00,27.86,26,0.84
2023-03-26 22:00:00+08:00,27.8,27,0.79
2023-03-26 23:00:00+08:00,27.75,26,0.89
2023-03-27 00:00:00+08:00,27.75,27,0.79
2023-03-27 01:00:00+08:00,27.74,27,0.79
2023-03-27 02:00:00+08:00,27.74,26,0.84
2023-03-27 03:00:00+08:00,27.73,26,0.89
2023-03-27 04:00:00+08:00,27.69,26,0.89
2023-03-27 05:00:00+08:00,27.67,26,0.89
2023-03-27 06:00:00+08:00,27.73,26,0.94
2023-03-27 07:00:00+08:00,27.78,26,0.94
2023-03-27 08:00:00+08:00,25.63,26.5,0.84
2023-03-27 09:00:00+08:00,22.11,27,0.74
2023-03-27 10:00:00+08:00,20.56,24,0.94
2023-03-27 11:00:00+08:00,20.57,24,0.94
2023-03-27 12:00:00+08:00,20.58,24,0.94
2023-03-27 13:00:00+08:00,20.61,25,0.89
2023-03-27 14:00:00+08:00,20.56,25,0.89
2023-03-27 15:00:00+08:00,20.64,26,0.89
2023-03-27 16:00:00+08:00,20.64,27,0.84
2023-03-27 17:00:00+08:00,20.6,27,0.84
2023-03-27 18:00:00+08:00,20.56,27,0.84
2023-03-27 19:00:00+08:00,20.52,26,0.89
2023-03-27 20:00:00+08:00,20.46,26,0.89
2023-03-27 21:00:00+08:00,20.57,26,0.89
2023-03-27 22:00:00+08:00,22.06,26,0.89
2023-03-27 23:00:00+08:00,23.47,25,0.94
2023-03-28 00:00:00+08:00,24.36,25,0.94
2023-03-28 01:00:00+08:00,24.97,25,0.94
2023-03-28 02:00:00+08:00,25.42,25,0.94
2023-03-28 03:00:00+08:00,25.74,25,0.94
2023-03-28 04:00:00+08:00,26,25,0.94
2023-03-28 05:00:00+08:00,26.2,25,0.94
2023-03-28 06:00:00+08:00,26.34,25,0.94
2023-03-28 07:00:00+08:00,26.53,25,0.94
2023-03-28 08:00:00+08:00,24.02,26.5,0.89
2023-03-28 09:00:00+08:00,20.9,28,0.84
2023-03-28 10:00:00+08:00,20.4,31,0.7
2023-03-28 11:00:00+08:00,20.38,32,0.63
2023-03-28 12:00:00+08:00,20.41,32,0.63
2023-03-28 13:00:00+08:00,20.33,32,0.55
2023-03-28 14:00:00+08:00,20.61,34,0.49
2023-03-28 15:00:00+08:00,20.96,34,0.49
2023-03-28 16:00:00+08:00,21.14,34,0.47
2023-03-28 17:00:00+08:00,20.97,34,0.47
2023-03-28 18:00:00+08:00,20.7,32,0.55
2023-03-28 19:00:00+08:00,20.58,31,0.62
2023-03-28 20:00:00+08:00,20.53,30,0.66
2023-03-28 21:00:00+08:00,20.61,29,0.74
2023-03-28 22:00:00+08:00,22.29,28,0.79
2023-03-28 23:00:00+08:00,23.64,28,0.79
2023-03-29 00:00:00+08:00,24.5,27,0.84
2023-03-29 01:00:00+08:00,25.13,27,0.84
2023-03-29 02:00:00+08:00,25.56,27,0.84
2023-03-29 03:00:00+08:00,25.91,27,0.79
2023-03-29 04:00:00+08:00,26.17,26,0.89
2023-03-29 05:00:00+08:00,26.34,26,0.84
2023-03-29 06:00:00+08:00,26.49,27,0.79
2023-03-29 07:00:00+08:00,26.73,26,0.84
2023-03-29 08:00:00+08:00,24.34,27.5,0.79
2023-03-29 09:00:00+08:00,21.24,29,0.74
2023-03-29 10:00:00+08:00,20.61,30,0.66
2023-03-29 11:00:00+08:00,20.71,31,0.66
2023-03-29 12:00:00+08:00,20.47,33,0.59
2023-03-29 13:00:00+08:00,20.15,34,0.53
2023-03-29 14:00:00+08:00,20.17,33,0.56
2023-03-29 15:00:00+08:00,20.35,31,0.66
2023-03-29 16:00:00+08:00,20.56,32,0.52
2023-03-29 17:00:00+08:00,20.53,30,0.7
2023-03-29 18:00:00+08:00,20.55,29,0.66
2023-03-29 19:00:00+08:00,20.5,25,0.94
2023-03-29 20:00:00+08:00,20.38,26,0.89
2023-03-29 21:00:00+08:00,20.51,26,0.89
2023-03-29 22:00:00+08:00,22.15,26,0.89
2023-03-29 23:00:00+08:00,23.42,26,0.89
2023-03-30 00:00:00+08:00,24.26,26,0.89
2023-03-30 01:00:00+08:00,24.84,27,0.84
2023-03-30 02:00:00+08:00,25.28,26,0.89
2023-03-30 03:00:00+08:00,25.62,27,0.84
2023-03-30 04:00:00+08:00,25.89,26,0.89
2023-03-30 05:00:00+08:00,26.12,26,0.89
2023-03-30 06:00:00+08:00,26.28,26,0.89
2023-03-30 07:00:00+08:00,26.51,26,0.89
2023-03-30 08:00:00+08:00,23.94,27.5,0.82
2023-03-30 09:00:00+08:00,20.86,29,0.74
2023-03-30 10:00:00+08:00,20.58,30,0.7
2023-03-30 11:00:00+08:00,20.71,31,0.62
2023-03-30 12:00:00+08:00,20.72,32,0.59
2023-03-30 13:00:00+08:00,20.72,34,0.49
2023-03-30 14:00:00+08:00,20.71,34,0.47
2023-03-30 15:00:00+08:00,20.47,33,0.49
2023-03-30 16:00:00+08:00,20.33,34,0.49
2023-03-30 17:00:00+08:00,20.46,32,0.59
2023-03-30 18:00:00+08:00,20.49,28,0.74
2023-03-30 19:00:00+08:00,20.34,25,0.89
2023-03-30 20:00:00+08:00,20.25,24,0.94
2023-03-30 21:00:00+08:00,20.34,24,0.94
2023-03-30 22:00:00+08:00,21.89,25,0.94
2023-03-30 23:00:00+08:00,23.25,25,0.89
2023-03-31 00:00:00+08:00,24.13,24,0.94
2023-03-31 01:00:00+08:00,24.73,25,0.89
2023-03-31 02:00:00+08:00,25.15,25,0.94
2023-03-31 03:00:00+08:00,25.5,25,0.94
2023-03-31 04:00:00+08:00,25.75,25,0.94
2023-03-31 05:00:00+08:00,25.97,25,0.94
2023-03-31 06:00:00+08:00,26.16,25,0.89
2023-03-31 07:00:00+08:00,26.37,25,0.89
2023-03-31 08:00:00+08:00,23.85,26.5,0.84
2023-03-31 09:00:00+08:00,20.91,28,0.79
2023-03-31 10:00:00+08:00,20.56,30,0.66
2023-03-31 11:00:00+08:00,20.44,31,0.62
2023-03-31 12:00:00+08:00,20.32,31,0.59
2023-03-31 13:00:00+08:00,20.16,33,0.56
2023-03-31 14:00:00+08:00,20.19,33,0.56
2023-03-31 15:00:00+08:00,20.08,32,0.59
2023-03-31 16:00:00+08:00,20.17,32,0.59
2023-03-31 17:00:00+08:00,20.26,31,0.62
2023-03-31 18:00:00+08:00,20.25,30,0.66
2023-03-31 19:00:00+08:00,20.18,30,0.66
2023-03-31 20:00:00+08:00,20.16,29,0.7
2023-03-31 21:00:00+08:00,20.27,29,0.7
2023-03-31 22:00:00+08:00,21.82,29,0.7
2023-03-31 23:00:00+08:00,23.24,28,0.74
2023-04-15 04:00:00+08:00,25.91,27,0.89
2023-04-15 05:00:00+08:00,26.14,27,0.89
2023-04-15 06:00:00+08:00,26.33,27,0.89
2023-04-15 07:00:00+08:00,26.68,26,0.94
2023-04-15 08:00:00+08:00,27.06,28,0.84
2023-04-15 09:00:00+08:00,27.49,30,0.75
2023-04-15 10:00:00+08:00,26.28,32,0.67
2023-04-15 11:00:00+08:00,23.32,33,0.63
2023-04-15 12:00:00+08:00,20.9,32,0.67
2023-04-15 13:00:00+08:00,20.29,33,0.59
2023-04-15 14:00:00+08:00,20.34,31,0.7
2023-04-15 15:00:00+08:00,20.46,33,0.59
2023-04-15 16:00:00+08:00,20.64,31,0.7
2023-04-15 17:00:00+08:00,22.76,30.5,0.66
2023-04-15 18:00:00+08:00,24.6,30,0.62
2023-04-15 19:00:00+08:00,25.43,30,0.66
2023-04-15 20:00:00+08:00,25.84,30,0.7
2023-04-15 21:00:00+08:00,26.1,27,0.79
2023-04-15 22:00:00+08:00,26.3,26,0.84
2023-04-15 23:00:00+08:00,26.47,26,0.89
2023-04-16 00:00:00+08:00,26.61,27,0.84
2023-04-16 01:00:00+08:00,26.74,26,0.89
2023-04-16 02:00:00+08:00,26.84,26,0.94
2023-04-16 03:00:00+08:00,26.94,26,0.89
2023-04-16 04:00:00+08:00,27,26,0.94
2023-04-16 05:00:00+08:00,27.05,26,0.94
2023-04-16 06:00:00+08:00,27.16,26,0.94
2023-04-16 07:00:00+08:00,27.35,26,0.94
2023-04-16 08:00:00+08:00,27.56,25.5,0.92
2023-04-16 09:00:00+08:00,27.77,25,0.89
2023-04-16 10:00:00+08:00,28.07,28,0.79
2023-04-16 11:00:00+08:00,28.4,30,0.66
2023-04-16 12:00:00+08:00,28.71,32,0.63
2023-04-16 13:00:00+08:00,28.9,31,0.66
2023-04-16 14:00:00+08:00,29.05,30,0.79
2023-04-16 15:00:00+08:00,29.17,32,0.63
2023-04-16 16:00:00+08:00,29.25,28,0.66
2023-04-16 17:00:00+08:00,29.26,27,0.7
2023-04-16 18:00:00+08:00,29.26,29,0.7
2023-04-16 19:00:00+08:00,29.14,28,0.79
2023-04-16 20:00:00+08:00,28.93,27,0.79
2023-04-16 21:00:00+08:00,28.75,28,0.7
2023-04-16 22:00:00+08:00,28.62,27,0.79
2023-04-16 23:00:00+08:00,28.56,29,0.79
2023-04-17 00:00:00+08:00,28.54,29,0.79
2023-04-17 01:00:00+08:00,28.48,27,0.84
2023-04-17 02:00:00+08:00,28.35,27,0.84
2023-04-17 03:00:00+08:00,28.34,27,0.79
2023-04-17 04:00:00+08:00,28.29,26,0.89
2023-04-17 05:00:00+08:00,28.32,26,0.89
2023-04-17 06:00:00+08:00,28.28,26,0.89
2023-04-17 07:00:00+08:00,28.42,26,0.89
2023-04-17 08:00:00+08:00,26.34,27.5,0.8
2023-04-17 09:00:00+08:00,22.88,29,0.7
2023-04-17 10:00:00+08:00,21.02,30,0.75
2023-04-17 11:00:00+08:00,20.11,31,0.7
2023-04-17 12:00:00+08:00,20.08,33,0.59
2023-04-17 13:00:00+08:00,20.19,34,0.53
2023-04-17 14:00:00+08:00,20.31,31,0.7
2023-04-17 15:00:00+08:00,20.46,32,0.63
2023-04-17 16:00:00+08:00,20.47,32,0.63
2023-04-17 17:00:00+08:00,20.57,31,0.66
2023-04-17 18:00:00+08:00,20.56,28,0.79
2023-04-17 19:00:00+08:00,20.57,28,0.79
2023-04-17 20:00:00+08:00,20.55,28,0.79
2023-04-17 21:00:00+08:00,20.68,28,0.84
2023-04-17 22:00:00+08:00,22.31,27,0.89
2023-04-17 23:00:00+08:00,23.8,27,0.89
2023-04-18 00:00:00+08:00,24.74,27,0.89
2023-04-18 01:00:00+08:00,25.36,27,0.89
2023-04-18 02:00:00+08:00,25.82,27,0.89
2023-04-18 03:00:00+08:00,26.17,27,0.89
2023-04-18 04:00:00+08:00,26.44,27,0.89
2023-04-18 05:00:00+08:00,26.68,26,0.94
2023-04-18 06:00:00+08:00,26.86,26,0.94
2023-04-18 07:00:00+08:00,27.17,27,0.89
2023-04-18 08:00:00+08:00,25.07,29,0.8
2023-04-18 09:00:00+08:00,21.76,31,0.7
2023-04-18 10:00:00+08:00,20.28,32,0.63
2023-04-18 11:00:00+08:00,20.29,33,0.63
2023-04-18 12:00:00+08:00,20.34,32,0.59
2023-04-18 13:00:00+08:00,20.44,33,0.56
2023-04-18 14:00:00+08:00,20.54,34,0.47
2023-04-18 15:00:00+08:00,20.56,34,0.49
2023-04-18 16:00:00+08:00,20.59,32.5,0.57
2023-04-18 17:00:00+08:00,20.57,31,0.66
2023-04-18 18:00:00+08:00,20.59,30,0.75
2023-04-18 19:00:00+08:00,20.66,30,0.7
2023-04-18 20:00:00+08:00,20.66,30,0.7
2023-04-18 21:00:00+08:00,20.73,30,0.75
2023-04-18 22:00:00+08:00,22.26,29,0.79
2023-04-18 23:00:00+08:00,23.69,29,0.79
2023-04-19 00:00:00+08:00,24.6,26,0.89
2023-04-19 01:00:00+08:00,25.25,26,0.89
2023-04-19 02:00:00+08:00,25.67,27,0.94
2023-04-19 03:00:00+08:00,26.01,27,0.94
2023-04-19 04:00:00+08:00,26.27,27,0.94
2023-04-19 05:00:00+08:00,26.51,27,0.89
2023-04-19 06:00:00+08:00,26.69,26,0.94
2023-04-19 07:00:00+08:00,27.03,27,0.89
2023-04-19 08:00:00+08:00,24.87,28.5,0.84
2023-04-19 09:00:00+08:00,21.51,30,0.79
2023-04-19 10:00:00+08:00,20.24,31,0.7
2023-04-19 11:00:00+08:00,20.4,31,0.66
2023-04-19 12:00:00+08:00,20.5,31,0.7
2023-04-19 13:00:00+08:00,20.38,29,0.79
2023-04-19 14:00:00+08:00,20.56,31,0.7
2023-04-19 15:00:00+08:00,20.74,31,0.62
2023-04-19 16:00:00+08:00,20.51,31,0.62
2023-04-19 17:00:00+08:00,20.79,31,0.62
2023-04-19 18:00:00+08:00,20.63,30,0.66
2023-04-19 19:00:00+08:00,20.55,29,0.79
2023-04-19 20:00:00+08:00,20.56,29,0.79
2023-04-19 21:00:00+08:00,20.64,29,0.79
2023-04-19 22:00:00+08:00,22.28,29,0.79
2023-04-19 23:00:00+08:00,23.78,29,0.79
2023-04-20 00:00:00+08:00,24.72,29,0.79
2023-04-20 01:00:00+08:00,25.35,28,0.84
2023-04-20 02:00:00+08:00,25.78,28,0.84
2023-04-20 03:00:00+08:00,26.07,28,0.84
2023-04-20 04:00:00+08:00,26.33,28,0.84
2023-04-20 05:00:00+08:00,26.51,28,0.84
2023-04-20 06:00:00+08:00,26.65,28,0.82
2023-04-20 07:00:00+08:00,26.83,28,0.79
2023-04-20 08:00:00+08:00,24.42,27,0.79
2023-04-20 09:00:00+08:00,21.04,26,0.79
2023-04-20 10:00:00+08:00,20.06,26,0.79
2023-04-20 11:00:00+08:00,20.12,26,0.84
2023-04-20 12:00:00+08:00,20.19,27,0.84
2023-04-20 13:00:00+08:00,20.18,28,0.79
2023-04-20 14:00:00+08:00,20.17,29,0.7
2023-04-20 15:00:00+08:00,20.24,30,0.75
2023-04-20 16:00:00+08:00,20.23,29,0.74
2023-04-20 17:00:00+08:00,20.21,32,0.63
2023-04-20 18:00:00+08:00,20.25,30,0.66
2023-04-20 19:00:00+08:00,20.17,30,0.7
2023-04-20 20:00:00+08:00,20.06,29,0.7
2023-04-20 21:00:00+08:00,20.16,29,0.66
2023-04-20 22:00:00+08:00,21.45,27,0.79
2023-04-20 23:00:00+08:00,22.72,27,0.79
2023-04-21 00:00:00+08:00,23.61,27,0.79
2023-04-21 01:00:00+08:00,24.21,26,0.84
2023-04-21 02:00:00+08:00,24.66,26,0.84
2023-04-21 03:00:00+08:00,24.98,26,0.84
2023-04-21 04:00:00+08:00,25.25,26,0.84
2023-04-21 05:00:00+08:00,25.44,26,0.89
2023-04-21 06:00:00+08:00,25.65,26,0.89
2023-04-21 07:00:00+08:00,25.92,26,0.84
2023-04-21 08:00:00+08:00,23.56,26,0.86
2023-04-21 09:00:00+08:00,20.75,26,0.89
2023-04-21 10:00:00+08:00,20.27,27,0.84
2023-04-21 11:00:00+08:00,20.31,28,0.79
2023-04-21 12:00:00+08:00,20.35,30,0.7
2023-04-21 13:00:00+08:00,20.41,31,0.7
2023-04-21 14:00:00+08:00,20.45,32,0.63
2023-04-21 15:00:00+08:00,20.5,32,0.59
2023-04-21 16:00:00+08:00,20.51,31,0.66
2023-04-21 17:00:00+08:00,20.48,32,0.55
2023-04-21 18:00:00+08:00,20.52,31,0.59
2023-04-21 19:00:00+08:00,20.42,30,0.66
2023-04-21 20:00:00+08:00,20.29,29,0.79
2023-04-21 21:00:00+08:00,20.34,29,0.79
2023-04-21 22:00:00+08:00,21.63,28,0.84
2023-04-21 23:00:00+08:00,22.93,28,0.84
2023-04-22 00:00:00+08:00,23.83,28,0.84
2023-04-22 01:00:00+08:00,24.41,27,0.89
2023-04-22 02:00:00+08:00,24.81,27,0.89
2023-04-22 03:00:00+08:00,25.13,27,0.89
2023-04-22 04:00:00+08:00,25.37,27,0.89
2023-04-22 05:00:00+08:00,25.57,27,0.89
2023-04-22 06:00:00+08:00,25.85,27,0.89
2023-04-22 07:00:00+08:00,26.14,27,0.89
2023-04-22 08:00:00+08:00,26.54,28.5,0.84
2023-04-22 09:00:00+08:00,26.91,30,0.79
2023-04-22 10:00:00+08:00,27.26,31,0.75
2023-04-22 11:00:00+08:00,27.55,31,0.7
2023-04-22 12:00:00+08:00,27.84,32,0.63
2023-04-22 13:00:00+08:00,28.08,34,0.56
2023-04-22 14:00:00+08:00,28.25,33,0.56
2023-04-22 15:00:00+08:00,28.27,30,0.7
2023-04-22 16:00:00+08:00,28.32,30,0.66
2023-04-22 17:00:00+08:00,28.35,30,0.75
2023-04-22 18:00:00+08:00,28.34,30,0.7
2023-04-22 19:00:00+08:00,28.23,29,0.7
2023-04-22 20:00:00+08:00,28.05,29,0.74
2023-04-22 21:00:00+08:00,27.91,29,0.74
2023-04-22 22:00:00+08:00,27.79,29,0.79
2023-04-22 23:00:00+08:00,27.74,29,0.79
2023-04-23 00:00:00+08:00,27.67,28,0.84
2023-04-23 01:00:00+08:00,27.65,28,0.84
2023-04-23 02:00:00+08:00,27.65,28,0.84
2023-04-23 03:00:00+08:00,27.63,28,0.84
2023-04-23 04:00:00+08:00,27.58,28,0.84
2023-04-23 05:00:00+08:00,27.55,28,0.84
2023-04-23 06:00:00+08:00,27.55,28,0.84
2023-04-23 07:00:00+08:00,27.67,27,0.89
2023-04-23 08:00:00+08:00,27.94,28.5,0.82
2023-04-23 09:00:00+08:00,28.26,30,0.75
2023-04-23 10:00:00+08:00,28.57,31,0.7
2023-04-23 11:00:00+08:00,28.82,31,0.66
2023-04-23 12:00:00+08:00,29.06,33,0.59
2023-04-23 13:00:00+08:00,29.25,32,0.59
2023-04-23 14:00:00+08:00,29.44,32,0.63
2023-04-23 15:00:00+08:00,29.55,30,0.66
2023-04-23 16:00:00+08:00,29.48,31,0.66
2023-04-23 17:00:00+08:00,29.44,31,0.62
2023-04-23 18:00:00+08:00,29.33,31,0.62
2023-04-23 19:00:00+08:00,29.16,30,0.62
2023-04-23 20:00:00+08:00,28.95,30,0.7
2023-04-23 21:00:00+08:00,28.76,29,0.79
2023-04-23 22:00:00+08:00,28.63,29,0.79
2023-04-23 23:00:00+08:00,28.55,29,0.79
2023-04-24 00:00:00+08:00,28.46,28,0.79
2023-04-24 01:00:00+08:00,28.38,28,0.84
2023-04-24 02:00:00+08:00,28.35,28,0.84
2023-04-24 03:00:00+08:00,28.31,28,0.84
2023-04-24 04:00:00+08:00,28.25,27,0.89
2023-04-24 05:00:00+08:00,28.25,27,0.89
2023-04-24 06:00:00+08:00,28.25,27,0.89
2023-04-24 07:00:00+08:00,28.39,27,0.89
2023-04-24 08:00:00+08:00,26.59,29,0.8
2023-04-24 09:00:00+08:00,23.83,31,0.7
2023-04-24 10:00:00+08:00,21.83,32,0.63
2023-04-24 11:00:00+08:00,20.51,32,0.63
2023-04-24 12:00:00+08:00,19.79,34,0.47
2023-04-24 13:00:00+08:00,19.56,31,0.66
2023-04-24 14:00:00+08:00,19.67,34,0.56
2023-04-24 15:00:00+08:00,19.95,33,0.63
2023-04-24 16:00:00+08:00,20.13,34,0.53
2023-04-24 17:00:00+08:00,20.48,33,0.56
2023-04-24 18:00:00+08:00,20.51,32,0.59
2023-04-24 19:00:00+08:00,20.52,31,0.62
2023-04-24 20:00:00+08:00,20.54,30,0.66
2023-04-24 21:00:00+08:00,20.62,30,0.7
2023-04-24 22:00:00+08:00,21.87,29,0.74
2023-04-24 23:00:00+08:00,23.17,29,0.79
2023-04-25 00:00:00+08:00,24.13,29,0.79
2023-04-25 01:00:00+08:00,24.84,28,0.84
2023-04-25 02:00:00+08:00,25.33,28,0.84
2023-04-25 03:00:00+08:00,25.71,27,0.89
2023-04-25 04:00:00+08:00,26,27,0.89
2023-04-25 05:00:00+08:00,26.24,27,0.89
2023-04-25 06:00:00+08:00,26.42,27,0.89
2023-04-25 07:00:00+08:00,26.72,27,0.89
2023-04-25 08:00:00+08:00,25.14,27.5,0.86
2023-04-25 09:00:00+08:00,22.4,28,0.84
2023-04-25 10:00:00+08:00,20.81,30,0.66
2023-04-25 11:00:00+08:00,20.35,32,0.63
2023-04-25 12:00:00+08:00,20.54,33,0.56
2023-04-25 13:00:00+08:00,20.62,33,0.56
2023-04-25 14:00:00+08:00,20.84,31,0.62
2023-04-25 15:00:00+08:00,20.87,29,0.74
2023-04-25 16:00:00+08:00,20.88,30,0.62
2023-04-25 17:00:00+08:00,20.72,31,0.66
2023-04-25 18:00:00+08:00,20.67,30,0.7
2023-04-25 19:00:00+08:00,20.65,30,0.7
2023-04-25 20:00:00+08:00,20.59,29,0.74
2023-04-25 21:00:00+08:00,20.76,29,0.74
2023-04-25 22:00:00+08:00,21.91,28,0.79
2023-04-25 23:00:00+08:00,23.09,28,0.79
2023-04-26 00:00:00+08:00,23.97,27,0.89
2023-04-26 01:00:00+08:00,24.63,28,0.84
2023-04-26 02:00:00+08:00,25.1,27,0.89
2023-04-26 03:00:00+08:00,25.47,27,0.89
2023-04-26 04:00:00+08:00,25.77,27,0.89
2023-04-26 05:00:00+08:00,26.01,27,0.84
2023-04-26 06:00:00+08:00,26.22,26,0.89
2023-04-26 07:00:00+08:00,26.51,26,0.89
2023-04-26 08:00:00+08:00,24.87,28,0.8
2023-04-26 09:00:00+08:00,22.23,30,0.7
2023-04-26 10:00:00+08:00,21.03,31,0.59
2023-04-26 11:00:00+08:00,20.69,33,0.56
2023-04-26 12:00:00+08:00,20.71,33,0.49
2023-04-26 13:00:00+08:00,20.64,35,0.44
2023-04-26 14:00:00+08:00,20.71,32,0.63
2023-04-26 15:00:00+08:00,20.63,32,0.67
2023-04-26 16:00:00+08:00,20.63,31,0.62
2023-04-26 17:00:00+08:00,20.67,31,0.62
2023-04-26 18:00:00+08:00,20.66,32,0.55
2023-04-26 19:00:00+08:00,20.58,30,0.7
2023-04-26 20:00:00+08:00,20.59,30,0.7
2023-04-26 21:00:00+08:00,20.77,29,0.79
2023-04-26 22:00:00+08:00,21.89,29,0.79
2023-04-26 23:00:00+08:00,23.09,29,0.79
2023-04-27 00:00:00+08:00,24,28,0.84
2023-04-27 01:00:00+08:00,24.64,28,0.84
2023-04-27 02:00:00+08:00,25.13,28,0.84
2023-04-27 03:00:00+08:00,25.5,28,0.84
2023-04-27 04:00:00+08:00,25.78,27,0.89
2023-04-27 05:00:00+08:00,26.02,27,0.89
2023-04-27 06:00:00+08:00,26.22,27,0.89
2023-04-27 07:00:00+08:00,26.52,27,0.89
2023-04-27 08:00:00+08:00,24.94,28.5,0.82
2023-04-27 09:00:00+08:00,22.29,30,0.75
2023-04-27 10:00:00+08:00,20.89,32,0.67
2023-04-27 11:00:00+08:00,20.63,31,0.66
2023-04-27 12:00:00+08:00,20.64,32,0.63
2023-04-27 13:00:00+08:00,20.6,33,0.56
2023-04-27 14:00:00+08:00,20.67,34,0.53
2023-04-27 15:00:00+08:00,20.7,31,0.62
2023-04-27 16:00:00+08:00,20.76,31,0.7
2023-04-27 17:00:00+08:00,20.74,29,0.74
2023-04-27 18:00:00+08:00,20.72,29,0.74
2023-04-27 19:00:00+08:00,20.59,29,0.74
2023-04-27 20:00:00+08:00,20.57,29,0.74
2023-04-27 21:00:00+08:00,20.75,28,0.84
2023-04-27 22:00:00+08:00,21.85,28,0.84
2023-04-27 23:00:00+08:00,23.04,28,0.84
2023-04-28 00:00:00+08:00,23.9,28,0.84
2023-04-28 01:00:00+08:00,24.5,28,0.84
2023-04-28 02:00:00+08:00,24.95,28,0.84
2023-04-28 03:00:00+08:00,25.32,27,0.89
2023-04-28 04:00:00+08:00,25.61,27,0.89
2023-04-28 05:00:00+08:00,25.85,27,0.89
2023-04-28 06:00:00+08:00,26.05,27,0.89
2023-04-28 07:00:00+08:00,26.32,27,0.89
2023-04-28 08:00:00+08:00,24.7,29,0.8
2023-04-28 09:00:00+08:00,22.13,31,0.7
2023-04-28 10:00:00+08:00,20.99,32,0.63
2023-04-28 11:00:00+08:00,20.72,32,0.63
2023-04-28 12:00:00+08:00,20.56,31,0.7
2023-04-28 13:00:00+08:00,20.59,30,0.7
2023-04-28 14:00:00+08:00,20.63,30,0.66
2023-04-28 15:00:00+08:00,20.68,28,0.74
2023-04-28 16:00:00+08:00,20.71,28,0.79
2023-04-28 17:00:00+08:00,20.68,28,0.79
2023-04-28 18:00:00+08:00,20.62,29,0.7
2023-04-28 19:00:00+08:00,20.55,28,0.74
2023-04-28 20:00:00+08:00,20.46,28,0.79
2023-04-28 21:00:00+08:00,20.63,28,0.79
2023-04-28 22:00:00+08:00,21.72,27,0.84
2023-04-28 23:00:00+08:00,22.78,27,0.89
2023-04-29 00:00:00+08:00,23.59,27,0.89
2023-04-29 01:00:00+08:00,24.2,27,0.84
2023-04-29 02:00:00+08:00,24.65,27,0.84
2023-04-29 03:00:00+08:00,24.95,26,0.89
2023-04-29 04:00:00+08:00,25.18,26,0.89
2023-04-29 05:00:00+08:00,25.38,26,0.89
2023-04-29 06:00:00+08:00,25.58,26,0.89
2023-04-29 07:00:00+08:00,25.92,26,0.89
2023-04-29 08:00:00+08:00,26.31,28,0.8
2023-04-29 09:00:00+08:00,26.76,30,0.7
2023-04-29 10:00:00+08:00,25.75,31,0.66
2023-04-29 11:00:00+08:00,22.71,33,0.59
2023-04-29 12:00:00+08:00,21.11,32,0.59
2023-04-29 13:00:00+08:00,20.56,33,0.59
2023-04-29 14:00:00+08:00,20.45,32.5,0.61
2023-04-29 15:00:00+08:00,20.47,32,0.63
2023-04-29 16:00:00+08:00,20.66,31,0.66
2023-04-29 17:00:00+08:00,22.16,28,0.74
2023-04-29 18:00:00+08:00,23.51,26,0.89
2023-04-29 19:00:00+08:00,24.42,26,0.89
2023-04-29 20:00:00+08:00,24.9,26,0.94
2023-04-29 21:00:00+08:00,25.22,27,0.89
2023-04-29 22:00:00+08:00,25.46,27,0.89
2023-04-29 23:00:00+08:00,25.65,27,0.94
2023-04-30 00:00:00+08:00,25.8,27,0.94
2023-04-30 01:00:00+08:00,25.92,27,0.94
2023-04-30 02:00:00+08:00,26.03,27,0.94
2023-04-30 03:00:00+08:00,26.15,26,1
2023-04-30 04:00:00+08:00,26.22,26,0.94
2023-04-30 05:00:00+08:00,26.32,26,0.94
2023-04-30 06:00:00+08:00,26.39,26,0.94
2023-04-30 07:00:00+08:00,26.56,26,0.94
2023-04-30 08:00:00+08:00,26.83,28.5,0.82
2023-04-30 09:00:00+08:00,27.16,31,0.7
2023-04-30 10:00:00+08:00,27.53,32,0.67
2023-04-30 11:00:00+08:00,27.79,30,0.75
2023-04-30 12:00:00+08:00,27.95,27,0.84
2023-04-30 13:00:00+08:00,28.05,29,0.79
2023-04-30 14:00:00+08:00,28.17,30,0.7
2023-04-30 15:00:00+08:00,28.29,31,0.66
2023-04-30 16:00:00+08:00,28.45,32,0.63
2023-04-30 17:00:00+08:00,28.5,31,0.66
2023-04-30 18:00:00+08:00,28.39,28,0.84
2023-04-30 19:00:00+08:00,28.25,28,0.74
2023-04-30 20:00:00+08:00,28.03,28,0.84
2023-04-30 21:00:00+08:00,27.86,28,0.84
2023-04-30 22:00:00+08:00,27.71,28,0.84
2023-04-30 23:00:00+08:00,27.65,28,0.79
2023-05-15 15:00:00+08:00,20.24,32,0.59
2023-05-15 16:00:00+08:00,20.29,29,0.7
2023-05-15 17:00:00+08:00,20.35,29,0.7
2023-05-15 18:00:00+08:00,20.36,30,0.7
2023-05-15 19:00:00+08:00,20.32,29,0.74
2023-05-15 20:00:00+08:00,20.25,29,0.79
2023-05-15 21:00:00+08:00,20.41,28.75,0.8
2023-05-15 22:00:00+08:00,22.42,28.5,0.82
2023-05-15 23:00:00+08:00,23.7,28.25,0.83
2023-05-16 00:00:00+08:00,24.61,28,0.84
2023-05-16 01:00:00+08:00,25.22,28,0.84
2023-05-16 02:00:00+08:00,25.66,28,0.84
2023-05-16 03:00:00+08:00,26.03,27,0.89
2023-05-16 04:00:00+08:00,26.32,27,0.89
2023-05-16 05:00:00+08:00,26.53,27,0.89
2023-05-16 06:00:00+08:00,26.73,27,0.89
2023-05-16 07:00:00+08:00,27.18,27,0.89
2023-05-16 08:00:00+08:00,25.01,28,0.86
2023-05-16 09:00:00+08:00,21.93,29,0.84
2023-05-16 10:00:00+08:00,20.48,23,0.94
2023-05-16 11:00:00+08:00,20.49,25,0.89
2023-05-16 12:00:00+08:00,20.48,26,0.84
2023-05-16 13:00:00+08:00,20.59,27,0.79
2023-05-16 14:00:00+08:00,20.56,28,0.74
2023-05-16 15:00:00+08:00,20.55,29,0.7
2023-05-16 16:00:00+08:00,20.47,29,0.7
2023-05-16 17:00:00+08:00,20.4,30,0.66
2023-05-16 18:00:00+08:00,20.31,29,0.7
2023-05-16 19:00:00+08:00,20.33,28,0.74
2023-05-16 20:00:00+08:00,20.22,28,0.79
2023-05-16 21:00:00+08:00,20.4,27.75,0.8
2023-05-16 22:00:00+08:00,22.31,27.5,0.82
2023-05-16 23:00:00+08:00,23.48,27.25,0.83
2023-05-17 00:00:00+08:00,24.27,27,0.84
2023-05-17 01:00:00+08:00,24.89,27,0.89
2023-05-17 02:00:00+08:00,25.29,26,0.94
2023-05-17 03:00:00+08:00,25.69,26,0.94
2023-05-17 04:00:00+08:00,25.9,26,0.94
2023-05-17 05:00:00+08:00,26.1,26,0.94
2023-05-17 06:00:00+08:00,26.31,26,0.94
2023-05-17 07:00:00+08:00,26.83,26,0.94
2023-05-17 08:00:00+08:00,24.61,28,0.86
2023-05-17 09:00:00+08:00,21.59,30,0.79
2023-05-17 10:00:00+08:00,20.53,30,0.79
2023-05-17 11:00:00+08:00,20.64,31,0.7
2023-05-17 12:00:00+08:00,20.62,31,0.66
2023-05-17 13:00:00+08:00,20.71,28.5,0.8
2023-05-17 14:00:00+08:00,20.85,26,0.94
2023-05-17 15:00:00+08:00,20.99,26,0.89
2023-05-17 16:00:00+08:00,21.65,27,0.84
2023-05-17 17:00:00+08:00,21.56,28,0.84
2023-05-17 18:00:00+08:00,20.77,28,0.84
2023-05-17 19:00:00+08:00,20.53,27,0.89
2023-05-17 20:00:00+08:00,20.43,27,0.89
2023-05-17 21:00:00+08:00,20.57,26.75,0.9
2023-05-17 22:00:00+08:00,22.24,26.5,0.92
2023-05-17 23:00:00+08:00,23.39,26.25,0.93
2023-05-18 00:00:00+08:00,24.17,26,0.94
2023-05-18 01:00:00+08:00,24.69,26,0.94
2023-05-18 02:00:00+08:00,25.12,26,0.94
2023-05-18 03:00:00+08:00,25.47,26,0.94
2023-05-18 04:00:00+08:00,25.74,26,0.94
2023-05-18 05:00:00+08:00,25.94,26,0.94
2023-05-18 06:00:00+08:00,26.16,26,0.94
2023-05-18 07:00:00+08:00,26.57,26,0.94
2023-05-18 08:00:00+08:00,24.24,28,0.84
2023-05-18 09:00:00+08:00,21.28,30,0.75
2023-05-18 10:00:00+08:00,20.7,31,0.66
2023-05-18 11:00:00+08:00,20.75,32,0.63
2023-05-18 12:00:00+08:00,21.21,33,0.56
2023-05-18 13:00:00+08:00,21.47,33,0.56
2023-05-18 14:00:00+08:00,21.46,33,0.56
2023-05-18 15:00:00+08:00,21.66,33,0.56
2023-05-18 16:00:00+08:00,21.02,35,0.47
2023-05-18 17:00:00+08:00,20.87,33,0.52
2023-05-18 18:00:00+08:00,20.81,32,0.55
2023-05-18 19:00:00+08:00,20.66,31,0.59
2023-05-18 20:00:00+08:00,20.46,31,0.62
2023-05-18 21:00:00+08:00,20.53,30.25,0.68
2023-05-18 22:00:00+08:00,22.23,29.5,0.73
2023-05-18 23:00:00+08:00,23.4,28.75,0.78
2023-05-19 00:00:00+08:00,24.17,28,0.84
2023-05-19 01:00:00+08:00,24.71,28,0.84
2023-05-19 02:00:00+08:00,25.15,28,0.84
2023-05-19 03:00:00+08:00,25.5,27.5,0.86
2023-05-19 04:00:00+08:00,25.8,27,0.89
2023-05-19 05:00:00+08:00,26.07,28,0.84
2023-05-19 06:00:00+08:00,26.08,26,0.89
2023-05-19 07:00:00+08:00,26.41,26,0.89
2023-05-19 08:00:00+08:00,24,26.5,0.86
2023-05-19 09:00:00+08:00,21.05,27,0.84
2023-05-19 10:00:00+08:00,20.79,28,0.79
2023-05-19 11:00:00+08:00,20.72,29,0.74
2023-05-19 12:00:00+08:00,20.69,32,0.63
2023-05-19 13:00:00+08:00,20.63,31,0.66
2023-05-19 14:00:00+08:00,20.59,33,0.59
2023-05-19 15:00:00+08:00,20.59,32,0.59
2023-05-19 16:00:00+08:00,20.75,32,0.59
2023-05-19 17:00:00+08:00,20.7,31,0.62
2023-05-19 18:00:00+08:00,20.6,31,0.62
2023-05-19 19:00:00+08:00,20.44,30,0.66
2023-05-19 20:00:00+08:00,20.35,30,0.66
2023-05-19 21:00:00+08:00,20.49,29.75,0.68
2023-05-19 22:00:00+08:00,22.13,29.5,0.7
2023-05-19 23:00:00+08:00,23.29,29.25,0.72
2023-05-20 00:00:00+08:00,24.1,29,0.74
2023-05-20 01:00:00+08:00,24.66,29,0.76
2023-05-20 02:00:00+08:00,25.09,29,0.77
2023-05-20 03:00:00+08:00,25.41,29,0.79
2023-05-20 04:00:00+08:00,25.69,29,0.79
2023-05-20 05:00:00+08:00,25.93,28,0.84
2023-05-20 06:00:00+08:00,26.11,28,0.84
2023-05-20 07:00:00+08:00,26.54,28,0.84
2023-05-20 08:00:00+08:00,23.78,29,0.77
2023-05-20 09:00:00+08:00,21.11,30,0.7
2023-05-20 10:00:00+08:00,20.71,30,0.7
2023-05-20 11:00:00+08:00,20.73,31,0.66
2023-05-20 12:00:00+08:00,20.6,31,0.7
2023-05-20 13:00:00+08:00,20.72,32,0.63
2023-05-20 14:00:00+08:00,20.72,32,0.63
2023-05-20 15:00:00+08:00,20.73,32,0.63
2023-05-20 16:00:00+08:00,20.88,31,0.66
2023-05-20 17:00:00+08:00,22.99,31,0.59
2023-05-20 18:00:00+08:00,24.21,31,0.62
2023-05-20 19:00:00+08:00,24.96,31,0.62
2023-05-20 20:00:00+08:00,25.29,29,0.74
2023-05-20 21:00:00+08:00,25.72,29,0.75
2023-05-20 22:00:00+08:00,26.09,29,0.76
2023-05-20 23:00:00+08:00,26.31,29,0.78
2023-05-21 00:00:00+08:00,26.51,29,0.79
2023-05-21 01:00:00+08:00,26.61,29,0.79
2023-05-21 02:00:00+08:00,26.67,29,0.79
2023-05-21 03:00:00+08:00,26.75,29,0.79
2023-05-21 04:00:00+08:00,26.85,29,0.79
2023-05-21 05:00:00+08:00,26.94,29,0.79
2023-05-21 06:00:00+08:00,26.98,28,0.84
2023-05-21 07:00:00+08:00,26.97,29,0.84
2023-05-21 08:00:00+08:00,27.06,26.5,0.89
2023-05-21 09:00:00+08:00,27.19,24,0.94
2023-05-21 10:00:00+08:00,27.44,24.75,0.91
2023-05-21 11:00:00+08:00,27.59,25.5,0.89
2023-05-21 12:00:00+08:00,27.73,26.25,0.86
2023-05-21 13:00:00+08:00,27.77,27,0.84
2023-05-21 14:00:00+08:00,27.88,27,0.79
2023-05-21 15:00:00+08:00,28.01,27,0.79
2023-05-21 16:00:00+08:00,28.05,27,0.79
2023-05-21 17:00:00+08:00,28.05,28,0.79
2023-05-21 18:00:00+08:00,28.14,27,0.84
2023-05-21 19:00:00+08:00,28.05,27,0.84
2023-05-21 20:00:00+08:00,27.93,26.8,0.85
2023-05-21 21:00:00+08:00,27.74,26.6,0.86
2023-05-21 22:00:00+08:00,27.64,26.4,0.87
2023-05-21 23:00:00+08:00,27.55,26.2,0.88
2023-05-22 00:00:00+08:00,27.55,26,0.89
2023-05-22 01:00:00+08:00,27.54,26,0.89
2023-05-22 02:00:00+08:00,27.54,26,0.89
2023-05-22 03:00:00+08:00,27.54,26,0.89
2023-05-22 04:00:00+08:00,27.55,25,0.94
2023-05-22 05:00:00+08:00,27.55,25,0.94
2023-05-22 06:00:00+08:00,27.57,25,0.94
2023-05-22 07:00:00+08:00,27.86,26,0.89
2023-05-22 08:00:00+08:00,25.76,28,0.8
2023-05-22 09:00:00+08:00,22.32,30,0.7
2023-05-22 10:00:00+08:00,20.72,31,0.66
2023-05-22 11:00:00+08:00,20.79,32,0.63
2023-05-22 12:00:00+08:00,20.88,32,0.59
2023-05-22 13:00:00+08:00,20.81,33,0.59
2023-05-22 14:00:00+08:00,20.8,34,0.49
2023-05-22 15:00:00+08:00,20.68,33,0.52
2023-05-22 16:00:00+08:00,20.69,34,0.49
2023-05-22 17:00:00+08:00,20.66,32,0.59
2023-05-22 18:00:00+08:00,20.67,30,0.7
2023-05-22 19:00:00+08:00,20.57,30,0.7
2023-05-22 20:00:00+08:00,20.52,30,0.75
2023-05-22 21:00:00+08:00,20.64,29.75,0.76
2023-05-22 22:00:00+08:00,22.69,29.5,0.77
2023-05-22 23:00:00+08:00,24.03,29.25,0.78
2023-05-23 00:00:00+08:00,24.78,29,0.79
2023-05-23 01:00:00+08:00,25.35,28,0.84
2023-05-23 02:00:00+08:00,25.75,28,0.84
2023-05-23 03:00:00+08:00,26.09,29,0.79
2023-05-23 04:00:00+08:00,26.28,29,0.79
2023-05-23 05:00:00+08:00,26.45,28,0.84
2023-05-23 06:00:00+08:00,26.64,28,0.84
2023-05-23 07:00:00+08:00,26.89,25,0.89
2023-05-23 08:00:00+08:00,24.51,25.5,0.86
2023-05-23 09:00:00+08:00,21.46,26,0.84
2023-05-23 10:00:00+08:00,20.73,27,0.84
2023-05-23 11:00:00+08:00,20.72,30,0.66
2023-05-23 12:00:00+08:00,20.65,32,0.55
2023-05-23 13:00:00+08:00,20.63,32,0.55
2023-05-23 14:00:00+08:00,20.75,33,0.52
2023-05-23 15:00:00+08:00,20.64,31,0.66
2023-05-23 16:00:00+08:00,20.67,32,0.63
2023-05-23 17:00:00+08:00,20.59,32,0.59
2023-05-23 18:00:00+08:00,20.55,31,0.59
2023-05-23 19:00:00+08:00,20.51,30,0.62
2023-05-23 20:00:00+08:00,20.38,30,0.62
2023-05-23 21:00:00+08:00,20.47,29.75,0.65
2023-05-23 22:00:00+08:00,22.16,29.5,0.68
2023-05-23 23:00:00+08:00,23.4,29.25,0.71
2023-05-24 00:00:00+08:00,24.25,29,0.74
2023-05-24 01:00:00+08:00,24.85,29,0.79
2023-05-24 02:00:00+08:00,25.27,29,0.79
2023-05-24 03:00:00+08:00,25.63,29,0.74
2023-05-24 04:00:00+08:00,25.98,28,0.79
2023-05-24 05:00:00+08:00,26.19,28,0.84
2023-05-24 06:00:00+08:00,26.36,28,0.84
2023-05-24 07:00:00+08:00,26.83,28,0.84
2023-05-24 08:00:00+08:00,24.61,29,0.8
2023-05-24 09:00:00+08:00,21.61,30,0.75
2023-05-24 10:00:00+08:00,20.66,30,0.7
2023-05-24 11:00:00+08:00,20.84,31,0.62
2023-05-24 12:00:00+08:00,20.85,32,0.59
2023-05-24 13:00:00+08:00,20.71,33,0.56
2023-05-24 14:00:00+08:00,20.74,33,0.52
2023-05-24 15:00:00+08:00,20.93,33,0.49
2023-05-24 16:00:00+08:00,20.9,34,0.49
2023-05-24 17:00:00+08:00,20.83,32,0.59
2023-05-24 18:00:00+08:00,20.55,32,0.52
2023-05-24 19:00:00+08:00,20.35,32,0.55
2023-05-24 20:00:00+08:00,20.42,31,0.62
2023-05-24 21:00:00+08:00,20.6,30.75,0.65
2023-05-24 22:00:00+08:00,22.18,30.5,0.68
2023-05-24 23:00:00+08:00,23.45,30.25,0.72
2023-05-25 00:00:00+08:00,24.29,30,0.75
2023-05-25 01:00:00+08:00,24.86,30,0.75
2023-05-25 02:00:00+08:00,25.32,29,0.79
2023-05-25 03:00:00+08:00,25.66,29,0.79
2023-05-25 04:00:00+08:00,25.98,29,0.79
2023-05-25 05:00:00+08:00,26.21,29,0.79
2023-05-25 06:00:00+08:00,26.32,29,0.84
2023-05-25 07:00:00+08:00,26.62,29,0.79
2023-05-25 08:00:00+08:00,24.52,30,0.74
2023-05-25 09:00:00+08:00,21.47,31,0.7
2023-05-25 10:00:00+08:00,20.26,31,0.7
2023-05-25 11:00:00+08:00,20.19,32,0.67
2023-05-25 12:00:00+08:00,20.17,32,0.67
2023-05-25 13:00:00+08:00,20.25,33,0.59
2023-05-25 14:00:00+08:00,20.29,32,0.59
2023-05-25 15:00:00+08:00,20.47,32,0.59
2023-05-25 16:00:00+08:00,20.52,32,0.59
2023-05-25 17:00:00+08:00,20.52,32,0.63
2023-05-25 18:00:00+08:00,20.52,31,0.66
2023-05-25 19:00:00+08:00,20.46,31,0.66
2023-05-25 20:00:00+08:00,20.45,31,0.66
2023-05-25 21:00:00+08:00,20.64,30.75,0.68
2023-05-25 22:00:00+08:00,22.21,30.5,0.7
2023-05-25 23:00:00+08:00,23.47,30.25,0.73
2023-05-26 00:00:00+08:00,24.22,30,0.75
2023-05-26 01:00:00+08:00,24.86,29,0.79
2023-05-26 02:00:00+08:00,25.28,29,0.79
2023-05-26 03:00:00+08:00,25.61,29,0.84
2023-05-26 04:00:00+08:00,25.89,29,0.84
2023-05-26 05:00:00+08:00,26.12,29,0.79
2023-05-26 06:00:00+08:00,26.2,29,0.79
2023-05-26 07:00:00+08:00,26.57,29,0.79
2023-05-26 08:00:00+08:00,24.52,27.5,0.86
2023-05-26 09:00:00+08:00,21.29,26,0.94
2023-05-26 10:00:00+08:00,20.44,26,0.94
2023-05-26 11:00:00+08:00,20.55,29,0.84
2023-05-26 12:00:00+08:00,20.45,31,0.7
2023-05-26 13:00:00+08:00,20.51,27,0.89
2023-05-26 14:00:00+08:00,20.31,30,0.75
2023-05-26 15:00:00+08:00,20.35,30,0.66
2023-05-26 16:00:00+08:00,20.45,31,0.62
2023-05-26 17:00:00+08:00,20.51,30,0.7
2023-05-26 18:00:00+08:00,20.47,29,0.74
2023-05-26 19:00:00+08:00,20.43,29,0.74
2023-05-26 20:00:00+08:00,20.35,29,0.74
2023-05-26 21:00:00+08:00,20.52,28.5,0.78
2023-05-26 22:00:00+08:00,21.92,28,0.82
2023-05-26 23:00:00+08:00,22.93,27.5,0.85
2023-05-27 00:00:00+08:00,23.7,27,0.89
2023-05-27 01:00:00+08:00,24.25,27,0.89
2023-05-27 02:00:00+08:00,24.64,28,0.84
2023-05-27 03:00:00+08:00,24.97,28,0.84
2023-05-27 04:00:00+08:00,25.24,28,0.84
2023-05-27 05:00:00+08:00,25.47,27,0.89
2023-05-27 06:00:00+08:00,25.66,27,0.89
2023-05-27 07:00:00+08:00,26.09,28,0.84
2023-05-27 08:00:00+08:00,23.67,29,0.8
2023-05-27 09:00:00+08:00,20.84,30,0.75
2023-05-27 10:00:00+08:00,20.5,31,0.66
2023-05-27 11:00:00+08:00,20.46,32,0.63
2023-05-27 12:00:00+08:00,20.32,33,0.59
2023-05-27 13:00:00+08:00,20.48,32,0.67
2023-05-27 14:00:00+08:00,20.42,32,0.59
2023-05-27 15:00:00+08:00,20.49,31,0.7
2023-05-27 16:00:00+08:00,20.69,30,0.7
2023-05-27 17:00:00+08:00,22.61,31,0.66
2023-05-27 18:00:00+08:00,23.89,30,0.7
2023-05-27 19:00:00+08:00,24.67,30,0.75
2023-05-27 20:00:00+08:00,25.05,29,0.74
2023-05-27 21:00:00+08:00,25.21,29,0.74
2023-05-27 22:00:00+08:00,25.35,29,0.74
2023-05-27 23:00:00+08:00,25.61,29,0.74
2023-05-28 00:00:00+08:00,25.78,29,0.74
2023-05-28 01:00:00+08:00,25.86,28,0.79
2023-05-28 02:00:00+08:00,25.96,27,0.89
2023-05-28 03:00:00+08:00,26.07,28,0.79
2023-05-28 04:00:00+08:00,26.19,28,0.79
2023-05-28 05:00:00+08:00,26.26,27,0.84
2023-05-28 06:00:00+08:00,26.36,27,0.84
2023-05-28 07:00:00+08:00,26.53,28,0.79
2023-05-28 08:00:00+08:00,26.78,27.5,0.82
2023-05-28 09:00:00+08:00,27,27,0.84
2023-05-28 10:00:00+08:00,27.36,30,0.7
2023-05-28 11:00:00+08:00,27.67,31,0.66
2023-05-28 12:00:00+08:00,27.89,32,0.63
2023-05-28 13:00:00+08:00,28.05,32,0.63
2023-05-28 14:00:00+08:00,28.1,33,0.56
2023-05-28 15:00:00+08:00,28.24,32,0.55
2023-05-28 16:00:00+08:00,28.33,32,0.55
2023-05-28 17:00:00+08:00,28.43,32,0.55
2023-05-28 18:00:00+08:00,28.37,31,0.66
2023-05-28 19:00:00+08:00,28.32,31,0.62
2023-05-28 20:00:00+08:00,28.08,30,0.7
2023-05-28 21:00:00+08:00,28.01,29.75,0.72
2023-05-28 22:00:00+08:00,27.95,29.5,0.74
2023-05-28 23:00:00+08:00,27.9,29.25,0.77
2023-05-29 00:00:00+08:00,27.74,29,0.79
2023-05-29 01:00:00+08:00,27.65,29,0.74
2023-05-29 02:00:00+08:00,27.56,29,0.79
2023-05-29 03:00:00+08:00,27.64,25,0.89
2023-05-29 04:00:00+08:00,27.51,25,0.94
2023-05-29 05:00:00+08:00,27.48,26,0.84
2023-05-29 06:00:00+08:00,27.54,27,0.84
2023-05-29 07:00:00+08:00,27.78,27,0.89
2023-05-29 08:00:00+08:00,25.58,28,0.82
2023-05-29 09:00:00+08:00,22.35,29,0.74
2023-05-29 10:00:00+08:00,21.18,30,0.66
2023-05-29 11:00:00+08:00,20.42,32,0.63
2023-05-29 12:00:00+08:00,20.18,32,0.59
2023-05-29 13:00:00+08:00,20.06,33,0.56
2023-05-29 14:00:00+08:00,20.04,33,0.56
2023-05-29 15:00:00+08:00,20.14,33,0.56
2023-05-29 16:00:00+08:00,20.34,33,0.49
2023-05-29 17:00:00+08:00,20.46,34,0.49
2023-05-29 18:00:00+08:00,20.6,33,0.49
2023-05-29 19:00:00+08:00,20.54,32,0.55
2023-05-29 20:00:00+08:00,20.5,31,0.59
2023-05-29 21:00:00+08:00,20.68,30.5,0.62
2023-05-29 22:00:00+08:00,22.1,30,0.64
2023-05-29 23:00:00+08:00,23.27,29.5,0.67
2023-05-30 00:00:00+08:00,24.09,29,0.7
2023-05-30 01:00:00+08:00,24.66,29,0.79
2023-05-30 02:00:00+08:00,25.18,28,0.84
2023-05-30 03:00:00+08:00,25.67,29,0.79
2023-05-30 04:00:00+08:00,25.96,29,0.79
2023-05-30 05:00:00+08:00,26.15,28,0.84
2023-05-30 06:00:00+08:00,26.23,28,0.84
2023-05-30 07:00:00+08:00,26.64,28,0.84
2023-05-30 08:00:00+08:00,24.45,29.5,0.75
2023-05-30 09:00:00+08:00,21.52,31,0.66
2023-05-30 10:00:00+08:00,20.25,31,0.7
2023-05-30 11:00:00+08:00,20.19,32,0.63
2023-05-30 12:00:00+08:00,20.3,33,0.59
2023-05-30 13:00:00+08:00,20.37,33,0.56
2023-05-30 14:00:00+08:00,20.24,32,0.59
2023-05-30 15:00:00+08:00,20.3,31,0.7
2023-05-30 16:00:00+08:00,20.34,30,0.75
2023-05-30 17:00:00+08:00,20.4,30,0.7
2023-05-30 18:00:00+08:00,20.45,30,0.75
2023-05-30 19:00:00+08:00,20.44,30,0.75
2023-05-30 20:00:00+08:00,20.37,30,0.75
2023-05-30 21:00:00+08:00,20.53,29.75,0.77
2023-05-30 22:00:00+08:00,22.24,29.5,0.8
2023-05-30 23:00:00+08:00,23.43,29.25,0.82
2023-05-31 00:00:00+08:00,24.28,29,0.84
2023-05-31 01:00:00+08:00,24.83,29,0.79
2023-05-31 02:00:00+08:00,25.22,29,0.79
2023-05-31 03:00:00+08:00,25.6,29,0.79
2023-05-31 04:00:00+08:00,25.87,29,0.79
2023-05-31 05:00:00+08:00,26,29,0.79
2023-05-31 06:00:00+08:00,26.11,29,0.79
2023-05-31 07:00:00+08:00,26.6,29,0.79
2023-05-31 08:00:00+08:00,24.43,29.5,0.77
2023-05-31 09:00:00+08:00,21.59,30,0.75
2023-05-31 10:00:00+08:00,20.34,31,0.66
2023-05-31 11:00:00+08:00,20.39,32,0.59
2023-05-31 12:00:00+08:00,20.41,32,0.63
2023-05-31 13:00:00+08:00,20.31,32,0.63
2023-05-31 14:00:00+08:00,20.39,33,0.56
2023-05-31 15:00:00+08:00,20.49,33,0.56
2023-05-31 16:00:00+08:00,20.36,33,0.56
2023-05-31 17:00:00+08:00,20.29,33,0.59
2023-05-31 18:00:00+08:00,20.33,32.5,0.61
2023-05-31 19:00:00+08:00,20.31,32,0.63
2023-05-31 20:00:00+08:00,20.21,32,0.59
2023-05-31 21:00:00+08:00,20.3,31,0.7
2023-05-31 22:00:00+08:00,22.1,31,0.7
2023-05-31 23:00:00+08:00,23.35,31,0.7
