time,temperature,humidity
2023-05-15T00:00:00.000000+08:00,28 °C,84%
2023-05-15T01:00:00.000000+08:00,29 °C,79%
2023-05-15T02:00:00.000000+08:00,29 °C,79%
2023-05-15T03:00:00.000000+08:00,28 °C,84%
2023-05-15T04:00:00.000000+08:00,28 °C,84%
2023-05-15T05:00:00.000000+08:00,27 °C,89%
2023-05-15T06:00:00.000000+08:00,27 °C,89%
2023-05-15T07:00:00.000000+08:00,27 °C,89%
2023-05-15T09:00:00.000000+08:00,30 °C,79%
2023-05-15T10:00:00.000000+08:00,32 °C,63%
2023-05-15T11:00:00.000000+08:00,33 °C,59%
2023-05-15T12:00:00.000000+08:00,33 °C,59%
2023-05-15T13:00:00.000000+08:00,32 °C,59%
2023-05-15T13:10:00.000000+08:00,32 °C,55%
2023-05-15T14:00:00.000000+08:00,32 °C,55%
2023-05-15T14:30:00.000000+08:00,32 °C,59%
2023-05-15T15:00:00.000000+08:00,32 °C,59%
2023-05-15T16:00:00.000000+08:00,29 °C,70%
2023-05-15T17:00:00.000000+08:00,29 °C,70%
2023-05-15T18:00:00.000000+08:00,30 °C,70%
2023-05-15T18:35:00.000000+08:00,30 °C,66%
2023-05-15T19:00:00.000000+08:00,29 °C,74%
2023-05-15T20:00:00.000000+08:00,29 °C,79%
,28 °C,79%
,29 °C,74%
,28 °C,79%
